column,missing_%
gdelt_volume_monetary_policy_z30,1.91
gdelt_volume_energy_z30,1.91
gdelt_volume_diplomacy_z30,1.91
gdelt_volume_conflict_z30,1.91
gdelt_volume_political_risk_z30,1.91
gdelt_volume_sanctions_trade_z30,1.91
z_energy,1.83
z_sanctions_trade,1.83
z_diplomacy,1.83
z_conflict,1.83
z_political_risk,1.83
z_monetary_policy,1.83
vol_z30,1.83
vol_z90,1.83
gdelt_tone_political_risk,1.08
gdelt_volume_sanctions_trade,1.08
gdelt_tone_sanctions_trade,1.08
gdelt_volume_conflict,1.08
gdelt_volume_diplomacy,1.08
gdelt_volume_energy,1.08
