cluster_id,title,seendate_utc,dup_count
1140288,Forward-looking | Atty. Jose Ferdinand M. Rojas II,2024-08-20 18:00:00+00:00,243
1137048,Forward-looking | Atty. Jose Ferdinand M. Rojas II,2024-08-17 18:00:00+00:00,219
944310,Forward-looking | Atty. Jose Ferdinand M. Rojas II,2024-02-19 18:00:00+00:00,208
1103583,Forward-looking | Atty. Jose Ferdinand M. Rojas II,2024-07-16 18:00:00+00:00,208
762993,Forward-looking | Atty. Jose Ferdinand M. Rojas II,2023-09-06 12:00:00+00:00,192
929247,Forward-looking | Atty. Jose Ferdinand M. Rojas II,2024-02-05 18:00:00+00:00,189
1100585,Forward-looking | Atty. Jose Ferdinand M. Rojas II,2024-07-13 18:00:00+00:00,188
1078929,Forward-looking | Atty. Jose Ferdinand M. Rojas II,2024-06-23 18:00:00+00:00,113
966411,Forward-looking | Atty. Jose Ferdinand M. Rojas II,2024-03-10 18:00:00+00:00,106
1118589,Forward-looking | Atty. Jose Ferdinand M. Rojas II,2024-07-30 18:00:00+00:00,100
