model_key,feature,importance,rank
cls|logreg|price,px_vol_5d,0.11280381008947156,1
cls|logreg|price,px_ret_lag2,0.08925189516499794,2
cls|logreg|price,px_vol_20d,0.08679606605907116,3
cls|logreg|price,px_ret_lag1,0.0818305250795341,4
cls|logreg|price,px_ret_lag4,0.05122142028179644,5
cls|logreg|price,px_mean_5d,0.029138503830636014,6
cls|logreg|price,px_mean_20d,0.0237369449865121,7
cls|logreg|price,px_ret_lag5,0.011569052523374432,8
cls|logreg|price,px_abs_ret_lag1,0.009031167328085761,9
cls|logreg|price,px_ret_lag3,0.004451820600751469,10
cls|logreg|price+nlp,nlp_tfidf_svd_20,0.08292698338450864,1
cls|logreg|price+nlp,nlp_tfidf_svd_17,0.07244126937738551,2
cls|logreg|price+nlp,nlp_tfidf_svd_05,0.06717675482550481,3
cls|logreg|price+nlp,nlp_vader_mean_z30,0.0664474912782304,4
cls|logreg|price+nlp,px_vol_5d,0.06635082594136034,5
cls|logreg|price+nlp,nlp_vader_mean_monetary_policy,0.06571211364247927,6
cls|logreg|price+nlp,px_ret_lag2,0.0647305006947167,7
cls|logreg|price+nlp,nlp_tfidf_svd_07,0.06445862040786739,8
cls|logreg|price+nlp,nlp_tfidf_svd_15,0.06410741859695572,9
cls|logreg|price+nlp,nlp_tfidf_svd_04,0.061292912325163075,10
cls|logreg|price+nlp,px_vol_20d,0.05515879519477088,11
cls|logreg|price+nlp,nlp_vader_mean_energy,0.052815187267032805,12
cls|logreg|price+nlp,px_ret_lag1,0.04764880907976898,13
cls|logreg|price+nlp,nlp_lm_constraining_rate,0.04642323091789183,14
cls|logreg|price+nlp,px_ret_lag4,0.04604053846546254,15
cls|logreg|price+nlp,nlp_tfidf_svd_09,0.042050061209736096,16
cls|logreg|price+nlp,nlp_tfidf_svd_01,0.04114930772318184,17
cls|logreg|price+nlp,nlp_lm_negative_rate_sanctions_trade,0.04032642634446588,18
cls|logreg|price+nlp,nlp_vader_neg_share,0.04019906659409675,19
cls|logreg|price+nlp,nlp_lm_negative_rate,0.0388347315309829,20
cls|logreg|price+nlp,nlp_lm_negative_rate_political_risk,0.03578665000282676,21
cls|logreg|price+nlp,nlp_tfidf_svd_12,0.03552712720649048,22
cls|logreg|price+nlp,nlp_lm_positive_rate,0.03404439421200144,23
cls|logreg|price+nlp,nlp_tfidf_svd_02,0.03370899260316226,24
cls|logreg|price+nlp,nlp_lm_negative_rate_energy,0.03258471263669188,25
cls|logreg|price+nlp,nlp_tfidf_svd_10,0.03256582632926765,26
cls|logreg|price+nlp,nlp_lm_litigious_rate,0.03134523481575895,27
cls|logreg|price+nlp,nlp_vader_mean_conflict,0.030785969373646648,28
cls|logreg|price+nlp,nlp_tfidf_svd_16,0.03025234010286346,29
cls|logreg|price+nlp,nlp_tfidf_svd_14,0.029698273040063995,30
cls|logreg|price+nlp,nlp_lm_negative_rate_conflict,0.029321710076511454,31
cls|logreg|price+nlp,nlp_lm_negative_rate_z30,0.02931550597381422,32
cls|logreg|price+nlp,nlp_tfidf_svd_03,0.028756509911146963,33
cls|logreg|price+nlp,nlp_vader_mean_political_risk,0.02693907883184049,34
cls|logreg|price+nlp,nlp_tfidf_svd_19,0.024784948482875716,35
cls|logreg|price+nlp,nlp_tfidf_svd_18,0.022459076856868657,36
cls|logreg|price+nlp,nlp_vader_mean_sanctions_trade,0.021702252863512312,37
cls|logreg|price+nlp,nlp_lm_negative_rate_monetary_policy,0.02047926998109462,38
cls|logreg|price+nlp,nlp_vader_mean_diplomacy,0.018040418857242013,39
cls|logreg|price+nlp,px_mean_5d,0.017333088445685065,40
cls|logreg|price+nlp,nlp_vader_pos_share,0.015126633618595104,41
cls|logreg|price+nlp,nlp_lm_uncertainty_rate_z30,0.01500325778703183,42
cls|logreg|price+nlp,nlp_lm_neg_share,0.01469089257817427,43
cls|logreg|price+nlp,nlp_lm_uncertainty_rate,0.012916021710426412,44
cls|logreg|price+nlp,px_mean_20d,0.012869838611087675,45
cls|logreg|price+nlp,px_ret_lag5,0.012556528354231508,46
cls|logreg|price+nlp,px_abs_ret_lag1,0.011421268521774395,47
cls|logreg|price+nlp,nlp_tfidf_svd_08,0.01081199795828741,48
cls|logreg|price+nlp,px_ret_lag3,0.00988738956772524,49
cls|logreg|price+nlp,nlp_tfidf_svd_13,0.007616742581843531,50
cls|logreg|price+nlp,nlp_tfidf_svd_06,0.00667054109386771,51
cls|logreg|price+nlp,nlp_lm_negative_rate_diplomacy,0.006201345496812254,52
cls|logreg|price+nlp,nlp_tfidf_svd_11,0.005650834991684173,53
cls|logreg|price+nlp,nlp_vader_mean,0.0054457755572594945,54
cls|logreg|price+nlp,nlp_lm_net_tone,0.005356811937785397,55
cls|logreg|price+nlp,nlp_vader_std,0.002950206168921913,56
cls|logreg|price+market,lag1_ret_DXY,0.3220522461474865,1
cls|logreg|price+market,lag1_chg_VIX,0.2696066728913494,2
cls|logreg|price+market,px_vol_5d,0.11408861374843164,3
cls|logreg|price+market,px_vol_20d,0.09040534640750762,4
cls|logreg|price+market,px_ret_lag2,0.07846435737841699,5
cls|logreg|price+market,px_ret_lag4,0.055594936814493144,6
cls|logreg|price+market,px_ret_lag1,0.05065446701851541,7
cls|logreg|price+market,lag1_lvl_VIX,0.042097327420890916,8
cls|logreg|price+market,lag1_ret_BRENT,0.04153143068986447,9
cls|logreg|price+market,px_abs_ret_lag1,0.031741556605766184,10
cls|logreg|price+market,px_mean_20d,0.030108659397439924,11
cls|logreg|price+market,px_mean_5d,0.02841983194670884,12
cls|logreg|price+market,px_ret_lag3,0.024469372841600435,13
cls|logreg|price+market,px_ret_lag5,0.022301591356057745,14
cls|logreg|price+market+nlp,lag1_ret_DXY,0.35176948085708704,1
cls|logreg|price+market+nlp,nlp_vader_mean_z30,0.27964576880383457,2
cls|logreg|price+market+nlp,lag1_chg_VIX,0.25833203328424,3
cls|logreg|price+market+nlp,nlp_lm_negative_rate,0.2536342273551505,4
cls|logreg|price+market+nlp,lag1_lvl_VIX,0.24091058855945588,5
cls|logreg|price+market+nlp,nlp_vader_mean,0.21880396882473999,6
cls|logreg|price+market+nlp,nlp_vader_mean_monetary_policy,0.16823962919517035,7
cls|logreg|price+market+nlp,px_mean_5d,0.1625612544724653,8
cls|logreg|price+market+nlp,nlp_lm_uncertainty_rate_z30,0.15357252591112294,9
cls|logreg|price+market+nlp,nlp_vader_mean_energy,0.1459336972526241,10
cls|logreg|price+market+nlp,nlp_lm_uncertainty_rate,0.14590105044736187,11
cls|logreg|price+market+nlp,nlp_tfidf_svd_01,0.14583250575264275,12
cls|logreg|price+market+nlp,nlp_lm_positive_rate,0.13835368884707633,13
cls|logreg|price+market+nlp,nlp_tfidf_svd_02,0.1371810018978035,14
cls|logreg|price+market+nlp,nlp_tfidf_svd_15,0.125427053039399,15
cls|logreg|price+market+nlp,nlp_tfidf_svd_07,0.1202114148348017,16
cls|logreg|price+market+nlp,nlp_tfidf_svd_04,0.11727145989123962,17
cls|logreg|price+market+nlp,nlp_lm_net_tone,0.11543267709648379,18
cls|logreg|price+market+nlp,nlp_vader_mean_political_risk,0.11477618524915338,19
cls|logreg|price+market+nlp,nlp_tfidf_svd_03,0.10924564771580003,20
cls|logreg|price+market+nlp,nlp_tfidf_svd_17,0.10857427227638052,21
cls|logreg|price+market+nlp,nlp_tfidf_svd_09,0.10485571585620641,22
cls|logreg|price+market+nlp,nlp_vader_mean_conflict,0.10431650130711524,23
cls|logreg|price+market+nlp,nlp_tfidf_svd_20,0.10410572721372695,24
cls|logreg|price+market+nlp,px_vol_20d,0.10299686819302001,25
cls|logreg|price+market+nlp,nlp_tfidf_svd_05,0.10282385227404141,26
cls|logreg|price+market+nlp,px_ret_lag2,0.10206678566974658,27
cls|logreg|price+market+nlp,nlp_tfidf_svd_14,0.09776937306548067,28
cls|logreg|price+market+nlp,px_vol_5d,0.09413822526253506,29
cls|logreg|price+market+nlp,nlp_vader_neg_share,0.09287274755411602,30
cls|logreg|price+market+nlp,nlp_lm_litigious_rate,0.08806103697812728,31
cls|logreg|price+market+nlp,nlp_tfidf_svd_16,0.08651690156920529,32
cls|logreg|price+market+nlp,px_ret_lag1,0.08615146896938795,33
cls|logreg|price+market+nlp,nlp_vader_mean_diplomacy,0.08111936587815287,34
cls|logreg|price+market+nlp,nlp_lm_constraining_rate,0.07705438620640603,35
cls|logreg|price+market+nlp,nlp_lm_negative_rate_sanctions_trade,0.07335388222507784,36
cls|logreg|price+market+nlp,px_mean_20d,0.06985064087539829,37
cls|logreg|price+market+nlp,nlp_lm_neg_share,0.06874341903790905,38
cls|logreg|price+market+nlp,nlp_tfidf_svd_10,0.06687399377558999,39
cls|logreg|price+market+nlp,nlp_lm_negative_rate_political_risk,0.06528108578958504,40
cls|logreg|price+market+nlp,nlp_lm_negative_rate_z30,0.06520277173827153,41
cls|logreg|price+market+nlp,px_ret_lag5,0.06301789634502357,42
cls|logreg|price+market+nlp,px_ret_lag3,0.061689182186138496,43
cls|logreg|price+market+nlp,nlp_tfidf_svd_12,0.05849460537625334,44
cls|logreg|price+market+nlp,nlp_lm_negative_rate_conflict,0.05693639263024205,45
cls|logreg|price+market+nlp,nlp_lm_negative_rate_diplomacy,0.0548348883823353,46
cls|logreg|price+market+nlp,nlp_tfidf_svd_11,0.0548108463157476,47
cls|logreg|price+market+nlp,px_ret_lag4,0.05246486401435128,48
cls|logreg|price+market+nlp,nlp_vader_mean_sanctions_trade,0.051411946167646605,49
cls|logreg|price+market+nlp,px_abs_ret_lag1,0.05052328017743585,50
cls|logreg|price+market+nlp,nlp_tfidf_svd_08,0.04982362079340604,51
cls|logreg|price+market+nlp,nlp_tfidf_svd_19,0.04086992432866219,52
cls|logreg|price+market+nlp,lag1_ret_BRENT,0.03760177548548973,53
cls|logreg|price+market+nlp,nlp_vader_std,0.020744788228602883,54
cls|logreg|price+market+nlp,nlp_tfidf_svd_18,0.01959295838030814,55
cls|logreg|price+market+nlp,nlp_lm_negative_rate_monetary_policy,0.018931930642287622,56
cls|logreg|price+market+nlp,nlp_lm_negative_rate_energy,0.012806786347206875,57
cls|logreg|price+market+nlp,nlp_vader_pos_share,0.012778188034578607,58
cls|logreg|price+market+nlp,nlp_tfidf_svd_06,0.007757556884597304,59
cls|logreg|price+market+nlp,nlp_tfidf_svd_13,0.00610823294504726,60
cls|logreg|price+task1_news,z_political_risk,0.44553249547063717,1
cls|logreg|price+task1_news,gdelt_volume_diplomacy,0.3107212556227507,2
cls|logreg|price+task1_news,share_sanctions_trade,0.3015757780711616,3
cls|logreg|price+task1_news,gdelt_volume_political_risk,0.27606004369485365,4
cls|logreg|price+task1_news,articles_per_24h,0.2674910762083167,5
cls|logreg|price+task1_news,vol_z90,0.22667444417128646,6
cls|logreg|price+task1_news,vol_z30,0.20386828213148359,7
cls|logreg|price+task1_news,gdelt_volume_energy,0.20031421279379583,8
cls|logreg|price+task1_news,z_conflict,0.19009430640125144,9
cls|logreg|price+task1_news,z_diplomacy,0.18756954572927212,10
cls|logreg|price+task1_news,window_hours,0.18145984795908462,11
cls|logreg|price+task1_news,log_n_articles,0.17850783507370405,12
cls|logreg|price+task1_news,z_monetary_policy,0.17694300066565583,13
cls|logreg|price+task1_news,z_sanctions_trade,0.16746080170452712,14
cls|logreg|price+task1_news,gdelt_volume_political_risk_z30,0.15933069354328758,15
cls|logreg|price+task1_news,gdelt_volume_sanctions_trade,0.15703425103803,16
cls|logreg|price+task1_news,n_articles,0.1461289849413644,17
cls|logreg|price+task1_news,n_clusters,0.1461289849413644,18
cls|logreg|price+task1_news,gdelt_volume_diplomacy_z30,0.1450339364603924,19
cls|logreg|price+task1_news,px_mean_5d,0.14285468125857878,20
cls|logreg|price+task1_news,z_energy,0.14114333536141513,21
cls|logreg|price+task1_news,share_energy,0.13293773634473813,22
cls|logreg|price+task1_news,gdelt_volume_monetary_policy,0.1267324331948622,23
cls|logreg|price+task1_news,share_monetary_policy,0.11970804292139618,24
cls|logreg|price+task1_news,px_ret_lag2,0.11551151774234918,25
cls|logreg|price+task1_news,px_ret_lag1,0.10725699240155777,26
cls|logreg|price+task1_news,gdelt_tone_political_risk,0.10685105854542913,27
cls|logreg|price+task1_news,px_vol_5d,0.10269420339563311,28
cls|logreg|price+task1_news,theme_entropy,0.0939855632873801,29
cls|logreg|price+task1_news,gdelt_tone_diplomacy,0.08681537215561046,30
cls|logreg|price+task1_news,share_diplomacy,0.08278923666931809,31
cls|logreg|price+task1_news,gdelt_volume_conflict_z30,0.07875180618152504,32
cls|logreg|price+task1_news,geo_hhi,0.07762710535639415,33
cls|logreg|price+task1_news,share_state_media,0.0728358557504801,34
cls|logreg|price+task1_news,geo_entropy,0.071191427053435,35
cls|logreg|price+task1_news,share_tier1,0.07038034256412296,36
cls|logreg|price+task1_news,px_vol_20d,0.06546356822440712,37
cls|logreg|price+task1_news,gdelt_tone_monetary_policy,0.059726427821215046,38
cls|logreg|price+task1_news,gdelt_tone_conflict,0.0586088785827121,39
cls|logreg|price+task1_news,share_actor_country,0.05701096734027478,40
cls|logreg|price+task1_news,is_post_weekend,0.054979985156227464,41
cls|logreg|price+task1_news,mean_headline_len,0.05317875733698887,42
cls|logreg|price+task1_news,px_ret_lag5,0.051148422099860195,43
cls|logreg|price+task1_news,gdelt_volume_sanctions_trade_z30,0.05072313757243152,44
cls|logreg|price+task1_news,gdelt_volume_energy_z30,0.04909505207567524,45
cls|logreg|price+task1_news,gdelt_tone_energy,0.04885339043477762,46
cls|logreg|price+task1_news,gdelt_volume_conflict,0.048207300052484074,47
cls|logreg|price+task1_news,syndication_p90,0.04348797458900988,48
cls|logreg|price+task1_news,gdelt_volume_monetary_policy_z30,0.04187639594335934,49
cls|logreg|price+task1_news,px_ret_lag4,0.036511083229540185,50
cls|logreg|price+task1_news,share_market_term,0.036282655791286304,51
cls|logreg|price+task1_news,share_political_risk,0.03547084782812598,52
cls|logreg|price+task1_news,px_ret_lag3,0.035213585711152455,53
cls|logreg|price+task1_news,n_countries,0.03506757832669717,54
cls|logreg|price+task1_news,share_tier2,0.032446958444279174,55
cls|logreg|price+task1_news,share_tier3,0.03138904129083186,56
cls|logreg|price+task1_news,syndication_max,0.02999070932181344,57
cls|logreg|price+task1_news,share_conflict,0.028418153781622896,58
cls|logreg|price+task1_news,share_institution,0.023462825471052554,59
cls|logreg|price+task1_news,gdelt_tone_sanctions_trade,0.023254149690867337,60
cls|logreg|price+task1_news,syndication_mean,0.022366210684853487,61
cls|logreg|price+task1_news,px_abs_ret_lag1,0.020700870980574364,62
cls|logreg|price+task1_news,px_mean_20d,0.01802452798812829,63
cls|logreg|all,lag1_ret_DXY,0.34835897942629873,1
cls|logreg|all,lag1_chg_VIX,0.2555016511134209,2
cls|logreg|all,gdelt_volume_political_risk,0.23036721582913586,3
cls|logreg|all,nlp_vader_mean_z30,0.19536700950139899,4
cls|logreg|all,share_sanctions_trade,0.17336596644970256,5
cls|logreg|all,lag1_lvl_VIX,0.17136073642697466,6
cls|logreg|all,gdelt_volume_sanctions_trade,0.14671198569326896,7
cls|logreg|all,gdelt_volume_diplomacy,0.1459584616741,8
cls|logreg|all,share_monetary_policy,0.14179768858154304,9
cls|logreg|all,nlp_tfidf_svd_01,0.13199904080830896,10
cls|logreg|all,nlp_tfidf_svd_15,0.12940497836803846,11
cls|logreg|all,nlp_tfidf_svd_17,0.1253541453050404,12
cls|logreg|all,share_energy,0.11786571216594406,13
cls|logreg|all,nlp_tfidf_svd_09,0.11387802638432927,14
cls|logreg|all,gdelt_volume_political_risk_z30,0.10588910447081223,15
cls|logreg|all,nlp_lm_negative_rate,0.10574211598179162,16
cls|logreg|all,nlp_tfidf_svd_07,0.1050896991364806,17
cls|logreg|all,nlp_vader_mean,0.1040491185754484,18
cls|logreg|all,articles_per_24h,0.10125423774913045,19
cls|logreg|all,gdelt_volume_energy,0.10009299796972139,20
cls|logreg|all,nlp_lm_uncertainty_rate_z30,0.09839092704409047,21
cls|logreg|all,vol_z90,0.09674218708020506,22
cls|logreg|all,is_post_weekend,0.09410604869160533,23
cls|logreg|all,px_vol_5d,0.09408877796202571,24
cls|logreg|all,nlp_lm_litigious_rate,0.09395690781481554,25
cls|logreg|all,nlp_tfidf_svd_20,0.09120057120370527,26
cls|logreg|all,nlp_vader_mean_monetary_policy,0.09006634721165448,27
cls|logreg|all,gdelt_volume_conflict_z30,0.08622772112454284,28
cls|logreg|all,gdelt_tone_monetary_policy,0.08608683311203873,29
cls|logreg|all,nlp_vader_mean_energy,0.08598319927543972,30
cls|logreg|all,nlp_tfidf_svd_16,0.08493256244869973,31
cls|logreg|all,px_ret_lag2,0.08283397571872458,32
cls|logreg|all,z_energy,0.08204444008070905,33
cls|logreg|all,gdelt_tone_political_risk,0.0819543935851522,34
cls|logreg|all,gdelt_tone_conflict,0.07899050907146205,35
cls|logreg|all,share_market_term,0.07791159040795656,36
cls|logreg|all,nlp_vader_mean_political_risk,0.07645426097793369,37
cls|logreg|all,nlp_lm_negative_rate_political_risk,0.0741717305309023,38
cls|logreg|all,nlp_tfidf_svd_02,0.07400229131419382,39
cls|logreg|all,nlp_vader_neg_share,0.07379504323758726,40
cls|logreg|all,nlp_lm_uncertainty_rate,0.07271691212995322,41
cls|logreg|all,px_vol_20d,0.07188907722734823,42
cls|logreg|all,nlp_tfidf_svd_03,0.07188286037957058,43
cls|logreg|all,z_political_risk,0.07042760890104585,44
cls|logreg|all,nlp_lm_positive_rate,0.0703814744464464,45
cls|logreg|all,z_sanctions_trade,0.06945461561407361,46
cls|logreg|all,share_diplomacy,0.06883110248558498,47
cls|logreg|all,gdelt_volume_sanctions_trade_z30,0.06730954611667107,48
cls|logreg|all,nlp_tfidf_svd_14,0.0671263864211649,49
cls|logreg|all,px_ret_lag4,0.06644064775114543,50
cls|logreg|all,nlp_lm_negative_rate_z30,0.06593397753731788,51
cls|logreg|all,nlp_lm_constraining_rate,0.06293924126590814,52
cls|logreg|all,nlp_tfidf_svd_19,0.062318907312778095,53
cls|logreg|all,nlp_tfidf_svd_04,0.06221162135148022,54
cls|logreg|all,gdelt_tone_diplomacy,0.060985911693031435,55
cls|logreg|all,share_state_media,0.059206676381952504,56
cls|logreg|all,nlp_lm_negative_rate_sanctions_trade,0.05827959904279482,57
cls|logreg|all,nlp_tfidf_svd_10,0.05794822943953029,58
cls|logreg|all,nlp_tfidf_svd_13,0.0570294741494809,59
cls|logreg|all,z_conflict,0.05696444369460999,60
cls|logreg|all,share_tier1,0.056714140943313264,61
cls|logreg|all,theme_entropy,0.053824253893857414,62
cls|logreg|all,n_clusters,0.052624545652281196,63
cls|logreg|all,n_articles,0.052624545652281196,64
cls|logreg|all,nlp_tfidf_svd_05,0.05145870564757286,65
cls|logreg|all,nlp_tfidf_svd_12,0.050410143808054475,66
cls|logreg|all,px_mean_20d,0.04915723350680971,67
cls|logreg|all,gdelt_volume_diplomacy_z30,0.04753093518866236,68
cls|logreg|all,geo_entropy,0.04730402752240109,69
cls|logreg|all,px_abs_ret_lag1,0.045819736744712465,70
cls|logreg|all,window_hours,0.043579439733081565,71
cls|logreg|all,gdelt_volume_energy_z30,0.043484716361829,72
cls|logreg|all,syndication_p90,0.043198719046742697,73
cls|logreg|all,gdelt_volume_conflict,0.042476638932043946,74
cls|logreg|all,nlp_lm_negative_rate_energy,0.04116996346398651,75
cls|logreg|all,nlp_vader_mean_sanctions_trade,0.041130754782690064,76
cls|logreg|all,lag1_ret_BRENT,0.04053372855853182,77
cls|logreg|all,px_mean_5d,0.038436334405068655,78
cls|logreg|all,vol_z30,0.03666398764802094,79
cls|logreg|all,px_ret_lag1,0.03614265472129978,80
cls|logreg|all,z_monetary_policy,0.03581927809510747,81
cls|logreg|all,log_n_articles,0.035461145378414244,82
cls|logreg|all,share_actor_country,0.03279179324060422,83
cls|logreg|all,syndication_max,0.032605930421405735,84
cls|logreg|all,mean_headline_len,0.032575243718994715,85
cls|logreg|all,n_countries,0.031995636389836414,86
cls|logreg|all,nlp_vader_mean_conflict,0.031972141104682855,87
cls|logreg|all,share_tier2,0.029162422367290292,88
cls|logreg|all,px_ret_lag3,0.028629309943562015,89
cls|logreg|all,nlp_tfidf_svd_11,0.02744932342857276,90
cls|logreg|all,share_tier3,0.027039735130309748,91
cls|logreg|all,share_political_risk,0.02681035253475653,92
cls|logreg|all,gdelt_volume_monetary_policy_z30,0.026641230315488887,93
cls|logreg|all,syndication_mean,0.025445379883841563,94
cls|logreg|all,nlp_tfidf_svd_06,0.025383388919446807,95
cls|logreg|all,gdelt_volume_monetary_policy,0.025281008575993785,96
cls|logreg|all,nlp_lm_net_tone,0.024412200508547716,97
cls|logreg|all,nlp_tfidf_svd_18,0.024397087929422048,98
cls|logreg|all,nlp_tfidf_svd_08,0.023402469971631912,99
cls|logreg|all,z_diplomacy,0.02334867472533893,100
cls|logreg|all,nlp_vader_mean_diplomacy,0.02285568990913306,101
cls|logreg|all,nlp_lm_neg_share,0.021410108042613687,102
cls|logreg|all,nlp_vader_std,0.020062595644219753,103
cls|logreg|all,share_conflict,0.019296699847940333,104
cls|logreg|all,gdelt_tone_energy,0.018300504348008836,105
cls|logreg|all,nlp_lm_negative_rate_diplomacy,0.017396552882038677,106
cls|logreg|all,nlp_lm_negative_rate_conflict,0.014416096508513325,107
cls|logreg|all,gdelt_tone_sanctions_trade,0.013353762268128157,108
cls|logreg|all,share_institution,0.012417399726277872,109
cls|logreg|all,geo_hhi,0.009573625757946723,110
cls|logreg|all,nlp_vader_pos_share,0.00926985966838634,111
cls|logreg|all,nlp_lm_negative_rate_monetary_policy,0.007185051109111731,112
cls|logreg|all,px_ret_lag5,0.005593007447500947,113
cls|xgb|price,px_vol_5d,0.11998151242733002,1
cls|xgb|price,px_vol_20d,0.1063050925731659,2
cls|xgb|price,px_mean_5d,0.1024070605635643,3
cls|xgb|price,px_ret_lag2,0.10146289318799973,4
cls|xgb|price,px_ret_lag1,0.10052601248025894,5
cls|xgb|price,px_ret_lag3,0.09810838848352432,6
cls|xgb|price,px_ret_lag4,0.09796453267335892,7
cls|xgb|price,px_abs_ret_lag1,0.09578091651201248,8
cls|xgb|price,px_mean_20d,0.0924767330288887,9
cls|xgb|price,px_ret_lag5,0.08498678356409073,10
cls|xgb|price+nlp,px_vol_5d,0.029767528176307678,1
cls|xgb|price+nlp,px_vol_20d,0.02541823871433735,2
cls|xgb|price+nlp,nlp_vader_mean_energy,0.02424117736518383,3
cls|xgb|price+nlp,px_mean_5d,0.02148226648569107,4
cls|xgb|price+nlp,nlp_tfidf_svd_17,0.021275412291288376,5
cls|xgb|price+nlp,nlp_tfidf_svd_03,0.020659834146499634,6
cls|xgb|price+nlp,nlp_tfidf_svd_07,0.02037099190056324,7
cls|xgb|price+nlp,nlp_tfidf_svd_20,0.020269976928830147,8
cls|xgb|price+nlp,px_ret_lag2,0.019978005439043045,9
cls|xgb|price+nlp,nlp_vader_mean_monetary_policy,0.01979180984199047,10
cls|xgb|price+nlp,nlp_tfidf_svd_10,0.019697176292538643,11
cls|xgb|price+nlp,nlp_vader_mean_conflict,0.019639436155557632,12
cls|xgb|price+nlp,nlp_tfidf_svd_05,0.019482623785734177,13
cls|xgb|price+nlp,nlp_lm_uncertainty_rate,0.019047347828745842,14
cls|xgb|price+nlp,px_ret_lag4,0.018875282257795334,15
cls|xgb|price+nlp,px_ret_lag1,0.018842244520783424,16
cls|xgb|price+nlp,nlp_lm_negative_rate,0.018777087330818176,17
cls|xgb|price+nlp,nlp_tfidf_svd_06,0.018606988713145256,18
cls|xgb|price+nlp,px_abs_ret_lag1,0.018319852650165558,19
cls|xgb|price+nlp,nlp_lm_negative_rate_sanctions_trade,0.018216077238321304,20
cls|xgb|price+nlp,nlp_vader_mean_diplomacy,0.017959102988243103,21
cls|xgb|price+nlp,px_ret_lag3,0.01794646680355072,22
cls|xgb|price+nlp,nlp_lm_negative_rate_conflict,0.017903324216604233,23
cls|xgb|price+nlp,nlp_tfidf_svd_15,0.017772413790225983,24
cls|xgb|price+nlp,nlp_lm_constraining_rate,0.017750553786754608,25
cls|xgb|price+nlp,nlp_tfidf_svd_16,0.01769884116947651,26
cls|xgb|price+nlp,nlp_tfidf_svd_13,0.0175907202064991,27
cls|xgb|price+nlp,nlp_vader_mean,0.01729494333267212,28
cls|xgb|price+nlp,nlp_tfidf_svd_09,0.0172943864017725,29
cls|xgb|price+nlp,nlp_lm_positive_rate,0.017099086195230484,30
cls|xgb|price+nlp,nlp_tfidf_svd_14,0.017048940062522888,31
cls|xgb|price+nlp,nlp_tfidf_svd_04,0.0170295387506485,32
cls|xgb|price+nlp,nlp_tfidf_svd_02,0.01694396883249283,33
cls|xgb|price+nlp,nlp_tfidf_svd_19,0.01687972992658615,34
cls|xgb|price+nlp,nlp_lm_negative_rate_monetary_policy,0.016801338642835617,35
cls|xgb|price+nlp,nlp_lm_negative_rate_political_risk,0.016527002677321434,36
cls|xgb|price+nlp,px_mean_20d,0.01637231931090355,37
cls|xgb|price+nlp,nlp_tfidf_svd_01,0.01618947461247444,38
cls|xgb|price+nlp,nlp_vader_pos_share,0.016101811081171036,39
cls|xgb|price+nlp,nlp_lm_negative_rate_z30,0.016079680994153023,40
cls|xgb|price+nlp,nlp_lm_net_tone,0.01605900004506111,41
cls|xgb|price+nlp,px_ret_lag5,0.015767455101013184,42
cls|xgb|price+nlp,nlp_lm_negative_rate_energy,0.01564566045999527,43
cls|xgb|price+nlp,nlp_vader_std,0.015545963309705257,44
cls|xgb|price+nlp,nlp_tfidf_svd_18,0.015539408661425114,45
cls|xgb|price+nlp,nlp_lm_uncertainty_rate_z30,0.015525322407484055,46
cls|xgb|price+nlp,nlp_vader_mean_political_risk,0.01551391463726759,47
cls|xgb|price+nlp,nlp_lm_neg_share,0.015503551810979843,48
cls|xgb|price+nlp,nlp_vader_neg_share,0.015468118712306023,49
cls|xgb|price+nlp,nlp_lm_litigious_rate,0.015436946414411068,50
cls|xgb|price+nlp,nlp_tfidf_svd_12,0.01540274266153574,51
cls|xgb|price+nlp,nlp_lm_negative_rate_diplomacy,0.015136998146772385,52
cls|xgb|price+nlp,nlp_vader_mean_z30,0.014762969687581062,53
cls|xgb|price+nlp,nlp_vader_mean_sanctions_trade,0.014648925513029099,54
cls|xgb|price+nlp,nlp_tfidf_svd_11,0.014563492499291897,55
cls|xgb|price+nlp,nlp_tfidf_svd_08,0.014436530880630016,56
cls|xgb|price+market,lag1_ret_DXY,0.12316300719976425,1
cls|xgb|price+market,lag1_chg_VIX,0.08335939049720764,2
cls|xgb|price+market,px_vol_5d,0.07852425426244736,3
cls|xgb|price+market,px_vol_20d,0.07103942334651947,4
cls|xgb|price+market,px_ret_lag4,0.06895618140697479,5
cls|xgb|price+market,px_abs_ret_lag1,0.06779695302248001,6
cls|xgb|price+market,lag1_lvl_VIX,0.06582541018724442,7
cls|xgb|price+market,px_mean_20d,0.06561309099197388,8
cls|xgb|price+market,px_ret_lag2,0.06480125337839127,9
cls|xgb|price+market,px_mean_5d,0.06465787440538406,10
cls|xgb|price+market,px_ret_lag1,0.06347629427909851,11
cls|xgb|price+market,px_ret_lag3,0.06301511824131012,12
cls|xgb|price+market,px_ret_lag5,0.06066356226801872,13
cls|xgb|price+market,lag1_ret_BRENT,0.0591081865131855,14
cls|xgb|price+market+nlp,lag1_ret_DXY,0.041620947420597076,1
cls|xgb|price+market+nlp,px_vol_5d,0.027273178100585938,2
cls|xgb|price+market+nlp,px_vol_20d,0.0232340507209301,3
cls|xgb|price+market+nlp,lag1_chg_VIX,0.023127609863877296,4
cls|xgb|price+market+nlp,nlp_vader_mean_energy,0.02245362475514412,5
cls|xgb|price+market+nlp,nlp_tfidf_svd_05,0.02017645351588726,6
cls|xgb|price+market+nlp,nlp_tfidf_svd_17,0.019300073385238647,7
cls|xgb|price+market+nlp,nlp_vader_mean_monetary_policy,0.018999457359313965,8
cls|xgb|price+market+nlp,px_mean_5d,0.01870201900601387,9
cls|xgb|price+market+nlp,nlp_tfidf_svd_10,0.018589215353131294,10
cls|xgb|price+market+nlp,px_ret_lag4,0.018011845648288727,11
cls|xgb|price+market+nlp,nlp_lm_uncertainty_rate,0.01752796769142151,12
cls|xgb|price+market+nlp,nlp_tfidf_svd_07,0.017496483400464058,13
cls|xgb|price+market+nlp,nlp_vader_mean_diplomacy,0.01746550016105175,14
cls|xgb|price+market+nlp,nlp_vader_mean_conflict,0.017187660560011864,15
cls|xgb|price+market+nlp,nlp_tfidf_svd_20,0.01716434769332409,16
cls|xgb|price+market+nlp,nlp_lm_constraining_rate,0.0171047393232584,17
cls|xgb|price+market+nlp,px_abs_ret_lag1,0.01675185188651085,18
cls|xgb|price+market+nlp,nlp_tfidf_svd_14,0.01674855500459671,19
cls|xgb|price+market+nlp,nlp_vader_std,0.01669001206755638,20
cls|xgb|price+market+nlp,nlp_tfidf_svd_13,0.016671737655997276,21
cls|xgb|price+market+nlp,px_ret_lag2,0.016619661822915077,22
cls|xgb|price+market+nlp,nlp_tfidf_svd_02,0.016603907570242882,23
cls|xgb|price+market+nlp,nlp_tfidf_svd_15,0.01659373939037323,24
cls|xgb|price+market+nlp,nlp_lm_negative_rate,0.016543490812182426,25
cls|xgb|price+market+nlp,px_mean_20d,0.016262628138065338,26
cls|xgb|price+market+nlp,nlp_tfidf_svd_03,0.016247963532805443,27
cls|xgb|price+market+nlp,nlp_lm_negative_rate_monetary_policy,0.016058674082159996,28
cls|xgb|price+market+nlp,lag1_lvl_VIX,0.01597326621413231,29
cls|xgb|price+market+nlp,nlp_lm_negative_rate_z30,0.015865106135606766,30
cls|xgb|price+market+nlp,nlp_tfidf_svd_16,0.015682291239500046,31
cls|xgb|price+market+nlp,nlp_tfidf_svd_18,0.015509175136685371,32
cls|xgb|price+market+nlp,nlp_tfidf_svd_09,0.015460374765098095,33
cls|xgb|price+market+nlp,nlp_lm_uncertainty_rate_z30,0.015307974070310593,34
cls|xgb|price+market+nlp,nlp_vader_neg_share,0.0152986915782094,35
cls|xgb|price+market+nlp,px_ret_lag1,0.015207240357995033,36
cls|xgb|price+market+nlp,px_ret_lag5,0.015160112641751766,37
cls|xgb|price+market+nlp,nlp_lm_negative_rate_sanctions_trade,0.015131471678614616,38
cls|xgb|price+market+nlp,nlp_tfidf_svd_08,0.015112210996448994,39
cls|xgb|price+market+nlp,nlp_lm_negative_rate_conflict,0.01490646880120039,40
cls|xgb|price+market+nlp,nlp_lm_net_tone,0.01469099335372448,41
cls|xgb|price+market+nlp,nlp_lm_negative_rate_political_risk,0.01466267742216587,42
cls|xgb|price+market+nlp,nlp_vader_pos_share,0.014659307897090912,43
cls|xgb|price+market+nlp,nlp_vader_mean_political_risk,0.014624522998929024,44
cls|xgb|price+market+nlp,nlp_vader_mean_sanctions_trade,0.014598041772842407,45
cls|xgb|price+market+nlp,nlp_lm_negative_rate_diplomacy,0.014549843035638332,46
cls|xgb|price+market+nlp,nlp_tfidf_svd_04,0.01437415648251772,47
cls|xgb|price+market+nlp,px_ret_lag3,0.014334317296743393,48
cls|xgb|price+market+nlp,nlp_tfidf_svd_12,0.014305428601801395,49
cls|xgb|price+market+nlp,nlp_tfidf_svd_01,0.014280607923865318,50
cls|xgb|price+market+nlp,nlp_lm_neg_share,0.014275709167122841,51
cls|xgb|price+market+nlp,nlp_lm_positive_rate,0.014239382930099964,52
cls|xgb|price+market+nlp,nlp_lm_litigious_rate,0.013993127271533012,53
cls|xgb|price+market+nlp,lag1_ret_BRENT,0.013608180917799473,54
cls|xgb|price+market+nlp,nlp_tfidf_svd_11,0.013406704179942608,55
cls|xgb|price+market+nlp,nlp_tfidf_svd_19,0.013263835571706295,56
cls|xgb|price+market+nlp,nlp_vader_mean_z30,0.013137858361005783,57
cls|xgb|price+market+nlp,nlp_lm_negative_rate_energy,0.012897147797048092,58
cls|xgb|price+market+nlp,nlp_tfidf_svd_06,0.01213930081576109,59
cls|xgb|price+market+nlp,nlp_vader_mean,0.012117113918066025,60
cls|xgb|price+task1_news,px_vol_5d,0.029335523024201393,1
cls|xgb|price+task1_news,px_vol_20d,0.023692702874541283,2
cls|xgb|price+task1_news,gdelt_volume_political_risk,0.021695900708436966,3
cls|xgb|price+task1_news,gdelt_volume_diplomacy_z30,0.02114013209939003,4
cls|xgb|price+task1_news,px_ret_lag1,0.019681014120578766,5
cls|xgb|price+task1_news,share_tier1,0.019545959308743477,6
cls|xgb|price+task1_news,px_ret_lag2,0.01929357275366783,7
cls|xgb|price+task1_news,share_sanctions_trade,0.019278505817055702,8
cls|xgb|price+task1_news,px_mean_5d,0.019230158999562263,9
cls|xgb|price+task1_news,mean_headline_len,0.018999842926859856,10
cls|xgb|price+task1_news,z_sanctions_trade,0.018235433846712112,11
cls|xgb|price+task1_news,gdelt_tone_monetary_policy,0.018057383596897125,12
cls|xgb|price+task1_news,share_state_media,0.017785171046853065,13
cls|xgb|price+task1_news,px_ret_lag4,0.017732810229063034,14
cls|xgb|price+task1_news,gdelt_volume_conflict,0.01755295693874359,15
cls|xgb|price+task1_news,gdelt_volume_conflict_z30,0.01747441664338112,16
cls|xgb|price+task1_news,px_ret_lag3,0.017376171424984932,17
cls|xgb|price+task1_news,share_actor_country,0.01736641116440296,18
cls|xgb|price+task1_news,theme_entropy,0.017222657799720764,19
cls|xgb|price+task1_news,px_abs_ret_lag1,0.017219796776771545,20
cls|xgb|price+task1_news,gdelt_tone_political_risk,0.01713031902909279,21
cls|xgb|price+task1_news,syndication_mean,0.017057374119758606,22
cls|xgb|price+task1_news,vol_z90,0.01696392334997654,23
cls|xgb|price+task1_news,gdelt_volume_sanctions_trade_z30,0.016941336914896965,24
cls|xgb|price+task1_news,geo_hhi,0.016840452328324318,25
cls|xgb|price+task1_news,gdelt_tone_energy,0.0168277807533741,26
cls|xgb|price+task1_news,z_monetary_policy,0.016784481704235077,27
cls|xgb|price+task1_news,gdelt_tone_sanctions_trade,0.01619780622422695,28
cls|xgb|price+task1_news,gdelt_tone_diplomacy,0.01605827361345291,29
cls|xgb|price+task1_news,share_tier2,0.016042552888393402,30
cls|xgb|price+task1_news,vol_z30,0.015921765938401222,31
cls|xgb|price+task1_news,gdelt_volume_sanctions_trade,0.01588168367743492,32
cls|xgb|price+task1_news,px_mean_20d,0.015827544033527374,33
cls|xgb|price+task1_news,px_ret_lag5,0.015796860679984093,34
cls|xgb|price+task1_news,share_institution,0.01578049547970295,35
cls|xgb|price+task1_news,gdelt_volume_energy,0.015643244609236717,36
cls|xgb|price+task1_news,gdelt_tone_conflict,0.015555492602288723,37
cls|xgb|price+task1_news,share_diplomacy,0.01551815215498209,38
cls|xgb|price+task1_news,gdelt_volume_political_risk_z30,0.015448610298335552,39
cls|xgb|price+task1_news,share_monetary_policy,0.015410291962325573,40
cls|xgb|price+task1_news,gdelt_volume_monetary_policy_z30,0.015404478646814823,41
cls|xgb|price+task1_news,share_tier3,0.01539695356041193,42
cls|xgb|price+task1_news,share_energy,0.015396276488900185,43
cls|xgb|price+task1_news,geo_entropy,0.015373503789305687,44
cls|xgb|price+task1_news,gdelt_volume_diplomacy,0.0153068657964468,45
cls|xgb|price+task1_news,share_market_term,0.015131045132875443,46
cls|xgb|price+task1_news,z_political_risk,0.015128988772630692,47
cls|xgb|price+task1_news,gdelt_volume_energy_z30,0.01511426828801632,48
cls|xgb|price+task1_news,z_conflict,0.015031203627586365,49
cls|xgb|price+task1_news,share_conflict,0.01487892959266901,50
cls|xgb|price+task1_news,n_clusters,0.01477199699729681,51
cls|xgb|price+task1_news,articles_per_24h,0.014398942701518536,52
cls|xgb|price+task1_news,share_political_risk,0.014251715503633022,53
cls|xgb|price+task1_news,n_countries,0.0140285799279809,54
cls|xgb|price+task1_news,gdelt_volume_monetary_policy,0.014023209922015667,55
cls|xgb|price+task1_news,z_energy,0.013866083696484566,56
cls|xgb|price+task1_news,z_diplomacy,0.013373364694416523,57
cls|xgb|price+task1_news,syndication_max,0.013264549896121025,58
cls|xgb|price+task1_news,n_articles,0.013051526620984077,59
cls|xgb|price+task1_news,log_n_articles,0.01126266922801733,60
cls|xgb|price+task1_news,is_post_weekend,0.0,61
cls|xgb|price+task1_news,window_hours,0.0,62
cls|xgb|price+task1_news,syndication_p90,0.0,63
cls|xgb|all,lag1_ret_DXY,0.023359084501862526,1
cls|xgb|all,px_vol_5d,0.01691196858882904,2
cls|xgb|all,px_vol_20d,0.014170315116643906,3
cls|xgb|all,lag1_chg_VIX,0.012998659163713455,4
cls|xgb|all,nlp_vader_mean_energy,0.01298628468066454,5
cls|xgb|all,gdelt_volume_political_risk,0.012751135975122452,6
cls|xgb|all,theme_entropy,0.012329516001045704,7
cls|xgb|all,nlp_tfidf_svd_05,0.01219670008867979,8
cls|xgb|all,vol_z30,0.011264498345553875,9
cls|xgb|all,gdelt_volume_diplomacy_z30,0.010905078612267971,10
cls|xgb|all,px_ret_lag4,0.010679194703698158,11
cls|xgb|all,nlp_tfidf_svd_17,0.010614747181534767,12
cls|xgb|all,share_conflict,0.01060489658266306,13
cls|xgb|all,nlp_vader_mean_monetary_policy,0.010449430905282497,14
cls|xgb|all,nlp_tfidf_svd_10,0.010384461842477322,15
cls|xgb|all,nlp_tfidf_svd_20,0.010317650623619556,16
cls|xgb|all,nlp_tfidf_svd_03,0.010316204279661179,17
cls|xgb|all,share_state_media,0.010154147632420063,18
cls|xgb|all,z_sanctions_trade,0.010123788379132748,19
cls|xgb|all,nlp_tfidf_svd_11,0.01009912695735693,20
cls|xgb|all,lag1_ret_BRENT,0.010090152733027935,21
cls|xgb|all,mean_headline_len,0.010030447505414486,22
cls|xgb|all,px_mean_5d,0.009841633029282093,23
cls|xgb|all,nlp_vader_mean_conflict,0.009838515892624855,24
cls|xgb|all,nlp_vader_std,0.009802542626857758,25
cls|xgb|all,z_monetary_policy,0.009671017527580261,26
cls|xgb|all,px_ret_lag5,0.009571303613483906,27
cls|xgb|all,nlp_vader_mean_diplomacy,0.00955049879848957,28
cls|xgb|all,share_sanctions_trade,0.009510758332908154,29
cls|xgb|all,nlp_lm_negative_rate,0.009454825893044472,30
cls|xgb|all,gdelt_volume_energy_z30,0.009441846050322056,31
cls|xgb|all,nlp_tfidf_svd_14,0.009440690279006958,32
cls|xgb|all,nlp_tfidf_svd_16,0.009429370984435081,33
cls|xgb|all,nlp_tfidf_svd_06,0.009401725605130196,34
cls|xgb|all,gdelt_tone_sanctions_trade,0.009374938905239105,35
cls|xgb|all,px_abs_ret_lag1,0.009328480809926987,36
cls|xgb|all,share_tier1,0.009275252930819988,37
cls|xgb|all,px_mean_20d,0.009223127737641335,38
cls|xgb|all,gdelt_volume_conflict_z30,0.009167586453258991,39
cls|xgb|all,gdelt_volume_sanctions_trade,0.009163366630673409,40
cls|xgb|all,nlp_vader_mean,0.009149279445409775,41
cls|xgb|all,nlp_tfidf_svd_08,0.009135572239756584,42
cls|xgb|all,nlp_lm_constraining_rate,0.009129540994763374,43
cls|xgb|all,nlp_lm_uncertainty_rate,0.009075704962015152,44
cls|xgb|all,nlp_lm_negative_rate_monetary_policy,0.009044494479894638,45
cls|xgb|all,lag1_lvl_VIX,0.00901749636977911,46
cls|xgb|all,share_tier2,0.008982316590845585,47
cls|xgb|all,gdelt_tone_political_risk,0.008976704441010952,48
cls|xgb|all,nlp_tfidf_svd_07,0.008957859128713608,49
cls|xgb|all,gdelt_volume_conflict,0.00895177386701107,50
cls|xgb|all,px_ret_lag3,0.008923118934035301,51
cls|xgb|all,nlp_lm_uncertainty_rate_z30,0.008892199955880642,52
cls|xgb|all,px_ret_lag1,0.008883899077773094,53
cls|xgb|all,nlp_tfidf_svd_15,0.008852366358041763,54
cls|xgb|all,px_ret_lag2,0.008844371885061264,55
cls|xgb|all,nlp_tfidf_svd_13,0.008836522698402405,56
cls|xgb|all,syndication_max,0.008824042975902557,57
cls|xgb|all,gdelt_tone_diplomacy,0.00878980290144682,58
cls|xgb|all,nlp_tfidf_svd_01,0.00876582507044077,59
cls|xgb|all,nlp_vader_pos_share,0.008707810193300247,60
cls|xgb|all,gdelt_volume_energy,0.00869330856949091,61
cls|xgb|all,share_diplomacy,0.008548995479941368,62
cls|xgb|all,gdelt_tone_monetary_policy,0.008535881526768208,63
cls|xgb|all,nlp_tfidf_svd_09,0.008413296192884445,64
cls|xgb|all,nlp_lm_positive_rate,0.00838612113147974,65
cls|xgb|all,share_monetary_policy,0.008319582790136337,66
cls|xgb|all,geo_hhi,0.008318834938108921,67
cls|xgb|all,nlp_tfidf_svd_18,0.008311805315315723,68
cls|xgb|all,share_actor_country,0.00829711090773344,69
cls|xgb|all,nlp_lm_negative_rate_diplomacy,0.008263199590146542,70
cls|xgb|all,n_clusters,0.00822314154356718,71
cls|xgb|all,gdelt_tone_conflict,0.00822203978896141,72
cls|xgb|all,nlp_lm_negative_rate_political_risk,0.008214160799980164,73
cls|xgb|all,share_market_term,0.008199737407267094,74
cls|xgb|all,z_political_risk,0.008175359107553959,75
cls|xgb|all,nlp_lm_negative_rate_z30,0.00810141023248434,76
cls|xgb|all,syndication_mean,0.008015935309231281,77
cls|xgb|all,z_conflict,0.008003195747733116,78
cls|xgb|all,gdelt_volume_political_risk_z30,0.007951486855745316,79
cls|xgb|all,nlp_vader_mean_sanctions_trade,0.00793000403791666,80
cls|xgb|all,nlp_tfidf_svd_04,0.00792438630014658,81
cls|xgb|all,share_institution,0.007889683358371258,82
cls|xgb|all,geo_entropy,0.00785769522190094,83
cls|xgb|all,gdelt_tone_energy,0.007855723612010479,84
cls|xgb|all,log_n_articles,0.007773352321237326,85
cls|xgb|all,vol_z90,0.007772237062454224,86
cls|xgb|all,nlp_tfidf_svd_02,0.007770702708512545,87
cls|xgb|all,gdelt_volume_diplomacy,0.007747238036245108,88
cls|xgb|all,gdelt_volume_sanctions_trade_z30,0.0076232305727899075,89
cls|xgb|all,nlp_lm_negative_rate_sanctions_trade,0.0075926207937300205,90
cls|xgb|all,share_energy,0.007554664276540279,91
cls|xgb|all,n_countries,0.007518551778048277,92
cls|xgb|all,nlp_vader_neg_share,0.007508617825806141,93
cls|xgb|all,nlp_tfidf_svd_12,0.0074777621775865555,94
cls|xgb|all,share_political_risk,0.007468513213098049,95
cls|xgb|all,nlp_lm_negative_rate_conflict,0.007468460127711296,96
cls|xgb|all,nlp_lm_net_tone,0.007450654171407223,97
cls|xgb|all,nlp_lm_neg_share,0.007400290574878454,98
cls|xgb|all,gdelt_volume_monetary_policy_z30,0.007390014827251434,99
cls|xgb|all,share_tier3,0.007370264735072851,100
cls|xgb|all,nlp_vader_mean_political_risk,0.0073580374009907246,101
cls|xgb|all,nlp_lm_litigious_rate,0.007308110594749451,102
cls|xgb|all,n_articles,0.007211205083876848,103
cls|xgb|all,nlp_lm_negative_rate_energy,0.007061521988362074,104
cls|xgb|all,gdelt_volume_monetary_policy,0.007044025231152773,105
cls|xgb|all,nlp_vader_mean_z30,0.007007037289440632,106
cls|xgb|all,z_energy,0.006837261375039816,107
cls|xgb|all,z_diplomacy,0.006718594115227461,108
cls|xgb|all,articles_per_24h,0.006490523461252451,109
cls|xgb|all,nlp_tfidf_svd_19,0.006458704825490713,110
cls|xgb|all,window_hours,0.0,111
cls|xgb|all,is_post_weekend,0.0,112
cls|xgb|all,syndication_p90,0.0,113
reg|ridge|price,px_ret_lag2,0.04164848797046845,1
reg|ridge|price,px_ret_lag1,0.036202320342381494,2
reg|ridge|price,px_ret_lag4,0.009006971856594978,3
reg|ridge|price,px_abs_ret_lag1,0.008587004671248746,4
reg|ridge|price,px_vol_20d,0.007895349281953866,5
reg|ridge|price,px_ret_lag3,0.00597669003994455,6
reg|ridge|price,px_mean_5d,0.0049792022832334856,7
reg|ridge|price,px_ret_lag5,0.004146417579870905,8
reg|ridge|price,px_vol_5d,0.002535956615474612,9
reg|ridge|price,px_mean_20d,0.00139948889613793,10
reg|ridge|price+nlp,nlp_vader_mean_z30,0.040187042825211135,1
reg|ridge|price+nlp,px_ret_lag2,0.039365665231271815,2
reg|ridge|price+nlp,nlp_tfidf_svd_07,0.03508353367202244,3
reg|ridge|price+nlp,px_ret_lag1,0.032323467789464516,4
reg|ridge|price+nlp,nlp_lm_negative_rate,0.02469250784483517,5
reg|ridge|price+nlp,nlp_lm_uncertainty_rate,0.024146668411623384,6
reg|ridge|price+nlp,nlp_tfidf_svd_20,0.021815632995282823,7
reg|ridge|price+nlp,nlp_tfidf_svd_10,0.019895721002696758,8
reg|ridge|price+nlp,nlp_lm_uncertainty_rate_z30,0.01799376012524627,9
reg|ridge|price+nlp,nlp_vader_mean_conflict,0.01759638078012635,10
reg|ridge|price+nlp,nlp_tfidf_svd_05,0.017586546495271575,11
reg|ridge|price+nlp,nlp_lm_negative_rate_conflict,0.017334472287465312,12
reg|ridge|price+nlp,nlp_lm_negative_rate_energy,0.017210192084236294,13
reg|ridge|price+nlp,nlp_tfidf_svd_01,0.01694762958925979,14
reg|ridge|price+nlp,nlp_tfidf_svd_16,0.013830216543825777,15
reg|ridge|price+nlp,nlp_tfidf_svd_15,0.013431371241882385,16
reg|ridge|price+nlp,nlp_lm_positive_rate,0.012662767879542665,17
reg|ridge|price+nlp,nlp_tfidf_svd_14,0.01235673441657027,18
reg|ridge|price+nlp,px_mean_20d,0.012104971115470464,19
reg|ridge|price+nlp,nlp_tfidf_svd_12,0.011995964871132846,20
reg|ridge|price+nlp,nlp_vader_pos_share,0.011971736803965691,21
reg|ridge|price+nlp,px_ret_lag4,0.011942717137866385,22
reg|ridge|price+nlp,nlp_tfidf_svd_17,0.011381454619882563,23
reg|ridge|price+nlp,nlp_tfidf_svd_11,0.011345027266380663,24
reg|ridge|price+nlp,nlp_lm_negative_rate_z30,0.010468949382244368,25
reg|ridge|price+nlp,nlp_vader_mean_monetary_policy,0.009249391439620586,26
reg|ridge|price+nlp,nlp_vader_mean_political_risk,0.009189485302073898,27
reg|ridge|price+nlp,nlp_lm_constraining_rate,0.008902748980350053,28
reg|ridge|price+nlp,nlp_vader_std,0.008625078828522372,29
reg|ridge|price+nlp,nlp_tfidf_svd_03,0.008611975334310667,30
reg|ridge|price+nlp,px_vol_20d,0.008609196836166736,31
reg|ridge|price+nlp,nlp_lm_negative_rate_monetary_policy,0.008331071662332802,32
reg|ridge|price+nlp,nlp_lm_negative_rate_diplomacy,0.00776616034886246,33
reg|ridge|price+nlp,nlp_tfidf_svd_08,0.007287717574899346,34
reg|ridge|price+nlp,px_ret_lag5,0.007035995161068691,35
reg|ridge|price+nlp,nlp_tfidf_svd_13,0.0068502434090626455,36
reg|ridge|price+nlp,px_abs_ret_lag1,0.0066651625649423235,37
reg|ridge|price+nlp,px_ret_lag3,0.006654595949898904,38
reg|ridge|price+nlp,nlp_vader_mean_energy,0.0053667968902569654,39
reg|ridge|price+nlp,nlp_vader_mean_diplomacy,0.004883743224702686,40
reg|ridge|price+nlp,nlp_tfidf_svd_02,0.004881320254269547,41
reg|ridge|price+nlp,px_vol_5d,0.004656455413681751,42
reg|ridge|price+nlp,nlp_tfidf_svd_09,0.0037519471014066394,43
reg|ridge|price+nlp,nlp_lm_negative_rate_sanctions_trade,0.0031711662141277776,44
reg|ridge|price+nlp,nlp_lm_negative_rate_political_risk,0.0029171842045347175,45
reg|ridge|price+nlp,nlp_lm_neg_share,0.002727125237026124,46
reg|ridge|price+nlp,nlp_tfidf_svd_06,0.002544818168462557,47
reg|ridge|price+nlp,nlp_tfidf_svd_18,0.0023493973166288664,48
reg|ridge|price+nlp,px_mean_5d,0.0022683070099762236,49
reg|ridge|price+nlp,nlp_vader_mean,0.0019049863306575103,50
reg|ridge|price+nlp,nlp_tfidf_svd_04,0.001596132830696488,51
reg|ridge|price+nlp,nlp_vader_neg_share,0.0014428216376378357,52
reg|ridge|price+nlp,nlp_lm_litigious_rate,0.001420951406612669,53
reg|ridge|price+nlp,nlp_lm_net_tone,0.0011083753295067257,54
reg|ridge|price+nlp,nlp_tfidf_svd_19,0.0006950438844660368,55
reg|ridge|price+nlp,nlp_vader_mean_sanctions_trade,0.0005744108833596479,56
reg|ridge|price+market,lag1_ret_DXY,0.11786379519038724,1
reg|ridge|price+market,lag1_chg_VIX,0.06984732316696912,2
reg|ridge|price+market,px_ret_lag2,0.03123747546061775,3
reg|ridge|price+market,px_abs_ret_lag1,0.018383719167163123,4
reg|ridge|price+market,lag1_ret_BRENT,0.016555993627042062,5
reg|ridge|price+market,px_ret_lag3,0.01240349816452386,6
reg|ridge|price+market,px_vol_5d,0.012200750056936554,7
reg|ridge|price+market,px_ret_lag1,0.008974065758337518,8
reg|ridge|price+market,px_ret_lag4,0.00874855179754756,9
reg|ridge|price+market,px_ret_lag5,0.004650727399255072,10
reg|ridge|price+market,px_mean_20d,0.004152930268088799,11
reg|ridge|price+market,px_mean_5d,0.002512267920043177,12
reg|ridge|price+market,px_vol_20d,0.0016960978597368556,13
reg|ridge|price+market,lag1_lvl_VIX,0.0006617511052486845,14
reg|ridge|price+market+nlp,lag1_ret_DXY,0.1152521802942904,1
reg|ridge|price+market+nlp,lag1_chg_VIX,0.06495259342256618,2
reg|ridge|price+market+nlp,nlp_vader_mean_z30,0.03079327962889197,3
reg|ridge|price+market+nlp,px_ret_lag2,0.02936911961136768,4
reg|ridge|price+market+nlp,nlp_tfidf_svd_07,0.027520555505252012,5
reg|ridge|price+market+nlp,nlp_tfidf_svd_10,0.023807626355702008,6
reg|ridge|price+market+nlp,nlp_tfidf_svd_01,0.02192437521272772,7
reg|ridge|price+market+nlp,nlp_lm_uncertainty_rate,0.021655884631711374,8
reg|ridge|price+market+nlp,nlp_lm_negative_rate,0.02087029368960409,9
reg|ridge|price+market+nlp,nlp_lm_uncertainty_rate_z30,0.01911027476594608,10
reg|ridge|price+market+nlp,px_abs_ret_lag1,0.01745461085077728,11
reg|ridge|price+market+nlp,nlp_tfidf_svd_05,0.01597804808724449,12
reg|ridge|price+market+nlp,lag1_ret_BRENT,0.014343559449607605,13
reg|ridge|price+market+nlp,nlp_vader_mean_conflict,0.014162163043905522,14
reg|ridge|price+market+nlp,nlp_tfidf_svd_16,0.013560286132117651,15
reg|ridge|price+market+nlp,nlp_tfidf_svd_15,0.013546830601678512,16
reg|ridge|price+market+nlp,lag1_lvl_VIX,0.013290485485713642,17
reg|ridge|price+market+nlp,px_ret_lag3,0.012030340765720382,18
reg|ridge|price+market+nlp,nlp_lm_negative_rate_energy,0.012013847005376912,19
reg|ridge|price+market+nlp,nlp_vader_mean_monetary_policy,0.011590904386486632,20
reg|ridge|price+market+nlp,nlp_vader_mean_political_risk,0.011511530038075951,21
reg|ridge|price+market+nlp,px_ret_lag4,0.011357791980313482,22
reg|ridge|price+market+nlp,nlp_tfidf_svd_20,0.011049289183179812,23
reg|ridge|price+market+nlp,nlp_tfidf_svd_17,0.010743252078225707,24
reg|ridge|price+market+nlp,px_vol_5d,0.010624349952852118,25
reg|ridge|price+market+nlp,nlp_tfidf_svd_14,0.010402841474205187,26
reg|ridge|price+market+nlp,nlp_tfidf_svd_12,0.009883219246663315,27
reg|ridge|price+market+nlp,nlp_lm_negative_rate_conflict,0.009680347586715748,28
reg|ridge|price+market+nlp,px_mean_20d,0.0092585219810936,29
reg|ridge|price+market+nlp,nlp_lm_positive_rate,0.008769754364840026,30
reg|ridge|price+market+nlp,nlp_tfidf_svd_03,0.008605455536385477,31
reg|ridge|price+market+nlp,nlp_lm_negative_rate_political_risk,0.008375992210954468,32
reg|ridge|price+market+nlp,px_ret_lag1,0.006778352089578092,33
reg|ridge|price+market+nlp,nlp_tfidf_svd_13,0.00671116182278062,34
reg|ridge|price+market+nlp,nlp_lm_litigious_rate,0.005317685430030616,35
reg|ridge|price+market+nlp,nlp_vader_std,0.00511180809778246,36
reg|ridge|price+market+nlp,nlp_vader_neg_share,0.00483037930940552,37
reg|ridge|price+market+nlp,px_vol_20d,0.004643814083579035,38
reg|ridge|price+market+nlp,nlp_vader_pos_share,0.004633538665571183,39
reg|ridge|price+market+nlp,nlp_tfidf_svd_19,0.00426871187663143,40
reg|ridge|price+market+nlp,nlp_tfidf_svd_08,0.004054880035324965,41
reg|ridge|price+market+nlp,nlp_vader_mean_diplomacy,0.003505033032218455,42
reg|ridge|price+market+nlp,nlp_lm_net_tone,0.0034435371993365043,43
reg|ridge|price+market+nlp,nlp_lm_constraining_rate,0.0034150015480455776,44
reg|ridge|price+market+nlp,nlp_lm_negative_rate_diplomacy,0.0033880517235685445,45
reg|ridge|price+market+nlp,nlp_tfidf_svd_04,0.0033781369453787765,46
reg|ridge|price+market+nlp,nlp_tfidf_svd_11,0.0033491558540320464,47
reg|ridge|price+market+nlp,nlp_lm_neg_share,0.003315646121891338,48
reg|ridge|price+market+nlp,nlp_vader_mean_sanctions_trade,0.002674085553939676,49
reg|ridge|price+market+nlp,nlp_lm_negative_rate_sanctions_trade,0.0025669626435337713,50
reg|ridge|price+market+nlp,nlp_lm_negative_rate_monetary_policy,0.002559092037014175,51
reg|ridge|price+market+nlp,nlp_tfidf_svd_06,0.001572831171630398,52
reg|ridge|price+market+nlp,px_ret_lag5,0.0015292384786546333,53
reg|ridge|price+market+nlp,nlp_vader_mean_energy,0.0014669127329555811,54
reg|ridge|price+market+nlp,nlp_tfidf_svd_09,0.001388450521506297,55
reg|ridge|price+market+nlp,nlp_tfidf_svd_18,0.0010867882242732887,56
reg|ridge|price+market+nlp,px_mean_5d,0.0009968014406810323,57
reg|ridge|price+market+nlp,nlp_vader_mean,0.0008649435763527149,58
reg|ridge|price+market+nlp,nlp_lm_negative_rate_z30,0.0003221630452236469,59
reg|ridge|price+market+nlp,nlp_tfidf_svd_02,6.127666126599137e-05,60
reg|ridge|price+task1_news,is_post_weekend,0.05183964867332969,1
reg|ridge|price+task1_news,px_ret_lag2,0.03894399541701903,2
reg|ridge|price+task1_news,px_ret_lag1,0.0337950265485364,3
reg|ridge|price+task1_news,gdelt_tone_political_risk,0.030139883933478422,4
reg|ridge|price+task1_news,n_clusters,0.029422841243138213,5
reg|ridge|price+task1_news,n_articles,0.02942284124313821,6
reg|ridge|price+task1_news,gdelt_volume_energy,0.024779306312777652,7
reg|ridge|price+task1_news,gdelt_volume_political_risk_z30,0.024565041477980335,8
reg|ridge|price+task1_news,z_energy,0.02443527158476882,9
reg|ridge|price+task1_news,share_actor_country,0.02231657086322562,10
reg|ridge|price+task1_news,geo_entropy,0.017989066927232473,11
reg|ridge|price+task1_news,gdelt_volume_monetary_policy_z30,0.017130062878845498,12
reg|ridge|price+task1_news,share_tier1,0.01708137718005785,13
reg|ridge|price+task1_news,articles_per_24h,0.016823365426614615,14
reg|ridge|price+task1_news,gdelt_volume_sanctions_trade_z30,0.015764501070406677,15
reg|ridge|price+task1_news,gdelt_volume_diplomacy,0.014604712168695048,16
reg|ridge|price+task1_news,share_monetary_policy,0.01449573219763271,17
reg|ridge|price+task1_news,gdelt_volume_political_risk,0.014460025392103316,18
reg|ridge|price+task1_news,share_conflict,0.014367060706435408,19
reg|ridge|price+task1_news,gdelt_tone_conflict,0.01412569184811739,20
reg|ridge|price+task1_news,share_energy,0.013361317494812458,21
reg|ridge|price+task1_news,gdelt_volume_conflict,0.013051388109159128,22
reg|ridge|price+task1_news,share_sanctions_trade,0.012743647663262428,23
reg|ridge|price+task1_news,gdelt_volume_monetary_policy,0.012268780647427742,24
reg|ridge|price+task1_news,z_political_risk,0.011788422610758314,25
reg|ridge|price+task1_news,syndication_mean,0.011539341895725499,26
reg|ridge|price+task1_news,gdelt_volume_conflict_z30,0.011097196265429318,27
reg|ridge|price+task1_news,z_diplomacy,0.011002357287931207,28
reg|ridge|price+task1_news,mean_headline_len,0.010349321190739324,29
reg|ridge|price+task1_news,log_n_articles,0.01011306464096324,30
reg|ridge|price+task1_news,share_tier3,0.009711757758922407,31
reg|ridge|price+task1_news,px_abs_ret_lag1,0.009466556504793068,32
reg|ridge|price+task1_news,gdelt_tone_diplomacy,0.009112531126796782,33
reg|ridge|price+task1_news,share_diplomacy,0.008548253660614007,34
reg|ridge|price+task1_news,geo_hhi,0.008533974106254947,35
reg|ridge|price+task1_news,z_conflict,0.008191129358284591,36
reg|ridge|price+task1_news,syndication_max,0.008069902407582824,37
reg|ridge|price+task1_news,window_hours,0.007983297771162814,38
reg|ridge|price+task1_news,px_vol_5d,0.007963241347980281,39
reg|ridge|price+task1_news,px_ret_lag3,0.007925186414946083,40
reg|ridge|price+task1_news,n_countries,0.0078074716184189956,41
reg|ridge|price+task1_news,gdelt_volume_energy_z30,0.007590425151685428,42
reg|ridge|price+task1_news,syndication_p90,0.007413620191936839,43
reg|ridge|price+task1_news,px_ret_lag4,0.007293621817901063,44
reg|ridge|price+task1_news,z_sanctions_trade,0.007177523266339904,45
reg|ridge|price+task1_news,px_vol_20d,0.007149710240896481,46
reg|ridge|price+task1_news,share_institution,0.006945819254576299,47
reg|ridge|price+task1_news,gdelt_volume_diplomacy_z30,0.006622214271388819,48
reg|ridge|price+task1_news,vol_z90,0.0061379494163010685,49
reg|ridge|price+task1_news,px_ret_lag5,0.005479469983838903,50
reg|ridge|price+task1_news,theme_entropy,0.0054565852434436965,51
reg|ridge|price+task1_news,z_monetary_policy,0.005154381687165164,52
reg|ridge|price+task1_news,gdelt_tone_monetary_policy,0.0050661982062545794,53
reg|ridge|price+task1_news,share_state_media,0.004416224493287578,54
reg|ridge|price+task1_news,share_political_risk,0.0037019746919352155,55
reg|ridge|price+task1_news,vol_z30,0.003528072569232331,56
reg|ridge|price+task1_news,px_mean_5d,0.00349513219971447,57
reg|ridge|price+task1_news,share_tier2,0.0027837331193057697,58
reg|ridge|price+task1_news,gdelt_volume_sanctions_trade,0.001430828362283823,59
reg|ridge|price+task1_news,gdelt_tone_energy,0.0012787189823535057,60
reg|ridge|price+task1_news,share_market_term,0.0006828132912763764,61
reg|ridge|price+task1_news,px_mean_20d,0.00014698877657456683,62
reg|ridge|price+task1_news,gdelt_tone_sanctions_trade,7.234898281867492e-05,63
reg|ridge|all,lag1_ret_DXY,0.11537022759262688,1
reg|ridge|all,lag1_chg_VIX,0.06562324088581992,2
reg|ridge|all,is_post_weekend,0.05514187479123698,3
reg|ridge|all,px_ret_lag2,0.03057720458092605,4
reg|ridge|all,z_energy,0.029556022929808676,5
reg|ridge|all,n_clusters,0.02566452632127939,6
reg|ridge|all,n_articles,0.02566452632127935,7
reg|ridge|all,nlp_vader_mean_z30,0.02523370332706567,8
reg|ridge|all,gdelt_tone_political_risk,0.024960134874910576,9
reg|ridge|all,nlp_tfidf_svd_10,0.02370902300169844,10
reg|ridge|all,gdelt_volume_sanctions_trade,0.02276247192558988,11
reg|ridge|all,nlp_lm_uncertainty_rate,0.020777770171848745,12
reg|ridge|all,gdelt_volume_political_risk,0.020012593714523755,13
reg|ridge|all,nlp_tfidf_svd_01,0.019715503533052205,14
reg|ridge|all,nlp_lm_negative_rate,0.019422699383609677,15
reg|ridge|all,nlp_tfidf_svd_07,0.01942067919544767,16
reg|ridge|all,nlp_lm_uncertainty_rate_z30,0.01905313013662975,17
reg|ridge|all,nlp_vader_mean_conflict,0.01830732302124881,18
reg|ridge|all,px_abs_ret_lag1,0.017679161400065525,19
reg|ridge|all,share_sanctions_trade,0.017460183120355015,20
reg|ridge|all,gdelt_volume_sanctions_trade_z30,0.016706381896139363,21
reg|ridge|all,gdelt_volume_political_risk_z30,0.016280378193714657,22
reg|ridge|all,articles_per_24h,0.016129576144514806,23
reg|ridge|all,nlp_tfidf_svd_15,0.016095646637016525,24
reg|ridge|all,nlp_tfidf_svd_16,0.015934840295365252,25
reg|ridge|all,nlp_tfidf_svd_17,0.015931953326553127,26
reg|ridge|all,nlp_tfidf_svd_05,0.015772502093534455,27
reg|ridge|all,share_energy,0.01563979104603124,28
reg|ridge|all,theme_entropy,0.01507221446940361,29
reg|ridge|all,lag1_lvl_VIX,0.014951702130418036,30
reg|ridge|all,z_political_risk,0.014909252569886655,31
reg|ridge|all,gdelt_volume_conflict_z30,0.014646687354897795,32
reg|ridge|all,px_ret_lag3,0.014439574848009399,33
reg|ridge|all,n_countries,0.014015181535366678,34
reg|ridge|all,vol_z90,0.013414771768572262,35
reg|ridge|all,mean_headline_len,0.01309698990626994,36
reg|ridge|all,gdelt_tone_monetary_policy,0.012857008300043792,37
reg|ridge|all,nlp_lm_negative_rate_energy,0.012585615031897904,38
reg|ridge|all,lag1_ret_BRENT,0.012327883786905209,39
reg|ridge|all,gdelt_volume_conflict,0.012231670177295003,40
reg|ridge|all,gdelt_volume_energy,0.012114249893317988,41
reg|ridge|all,nlp_tfidf_svd_20,0.012045406404426674,42
reg|ridge|all,geo_entropy,0.012038397864611741,43
reg|ridge|all,z_diplomacy,0.011774717312431756,44
reg|ridge|all,share_actor_country,0.011526914232672937,45
reg|ridge|all,px_vol_5d,0.011030687887558803,46
reg|ridge|all,z_conflict,0.010234503453843993,47
reg|ridge|all,share_diplomacy,0.01006039398443766,48
reg|ridge|all,px_ret_lag4,0.009881836438587513,49
reg|ridge|all,log_n_articles,0.009860163169817375,50
reg|ridge|all,gdelt_tone_conflict,0.009813195986465082,51
reg|ridge|all,nlp_tfidf_svd_08,0.009715852507864822,52
reg|ridge|all,window_hours,0.009696322534116923,53
reg|ridge|all,share_market_term,0.009646358197735237,54
reg|ridge|all,share_conflict,0.009081848181729588,55
reg|ridge|all,share_tier1,0.009013022588840531,56
reg|ridge|all,nlp_vader_mean_political_risk,0.008756470369094611,57
reg|ridge|all,syndication_mean,0.008448542408936523,58
reg|ridge|all,nlp_tfidf_svd_12,0.008074583635220888,59
reg|ridge|all,nlp_vader_std,0.00793320902801021,60
reg|ridge|all,syndication_p90,0.00764891134562621,61
reg|ridge|all,gdelt_volume_monetary_policy_z30,0.007602047340363643,62
reg|ridge|all,gdelt_tone_diplomacy,0.007510424063163302,63
reg|ridge|all,nlp_tfidf_svd_14,0.007509293524608739,64
reg|ridge|all,nlp_lm_negative_rate_conflict,0.00720087984644414,65
reg|ridge|all,share_tier3,0.007080247980928959,66
reg|ridge|all,nlp_lm_positive_rate,0.006831867650640998,67
reg|ridge|all,px_mean_20d,0.006791017834687447,68
reg|ridge|all,nlp_tfidf_svd_13,0.006755338494054561,69
reg|ridge|all,px_ret_lag1,0.006275124965102136,70
reg|ridge|all,share_state_media,0.0062555670331862715,71
reg|ridge|all,nlp_vader_mean_monetary_policy,0.006202461266071797,72
reg|ridge|all,gdelt_volume_diplomacy_z30,0.006014936941494303,73
reg|ridge|all,nlp_vader_mean,0.005985017194529309,74
reg|ridge|all,share_monetary_policy,0.005836915820958064,75
reg|ridge|all,nlp_vader_neg_share,0.005722376116623441,76
reg|ridge|all,nlp_lm_litigious_rate,0.005605585519783225,77
reg|ridge|all,nlp_tfidf_svd_04,0.005279331481062126,78
reg|ridge|all,share_institution,0.0049538048891197405,79
reg|ridge|all,nlp_lm_constraining_rate,0.004576369260932763,80
reg|ridge|all,nlp_tfidf_svd_11,0.0045236593264692156,81
reg|ridge|all,share_political_risk,0.004474578341076223,82
reg|ridge|all,vol_z30,0.0044415395210229,83
reg|ridge|all,gdelt_volume_energy_z30,0.00432017193973402,84
reg|ridge|all,nlp_tfidf_svd_18,0.004219697590060603,85
reg|ridge|all,nlp_vader_mean_energy,0.004219395081489769,86
reg|ridge|all,gdelt_tone_sanctions_trade,0.004156420905025773,87
reg|ridge|all,nlp_tfidf_svd_06,0.004117812143790447,88
reg|ridge|all,nlp_vader_mean_sanctions_trade,0.004040557261059028,89
reg|ridge|all,share_tier2,0.003988182828879559,90
reg|ridge|all,nlp_tfidf_svd_19,0.00353946134528712,91
reg|ridge|all,z_sanctions_trade,0.0034110555015365723,92
reg|ridge|all,gdelt_volume_monetary_policy,0.0023675059590943064,93
reg|ridge|all,nlp_lm_negative_rate_political_risk,0.002099938944221114,94
reg|ridge|all,nlp_lm_neg_share,0.0020976782885086644,95
reg|ridge|all,nlp_vader_mean_diplomacy,0.001904772516150341,96
reg|ridge|all,nlp_tfidf_svd_03,0.0017761461563203882,97
reg|ridge|all,nlp_lm_net_tone,0.0013539078071222283,98
reg|ridge|all,gdelt_volume_diplomacy,0.0012741854377854057,99
reg|ridge|all,nlp_lm_negative_rate_monetary_policy,0.0012723979769548707,100
reg|ridge|all,z_monetary_policy,0.0012225051208754059,101
reg|ridge|all,nlp_tfidf_svd_02,0.0009654501994779361,102
reg|ridge|all,nlp_lm_negative_rate_sanctions_trade,0.0008987576894334501,103
reg|ridge|all,nlp_lm_negative_rate_diplomacy,0.0007887349050181835,104
reg|ridge|all,geo_hhi,0.000733410599052305,105
reg|ridge|all,nlp_lm_negative_rate_z30,0.0007165803147312066,106
reg|ridge|all,px_ret_lag5,0.0006321380858761628,107
reg|ridge|all,nlp_tfidf_svd_09,0.00044680929102587793,108
reg|ridge|all,px_mean_5d,0.000377872797270298,109
reg|ridge|all,gdelt_tone_energy,0.000375199853406602,110
reg|ridge|all,syndication_max,0.0003591073188506137,111
reg|ridge|all,px_vol_20d,5.470717276158576e-05,112
reg|ridge|all,nlp_vader_pos_share,4.82943293739793e-05,113
reg|xgb|price,px_abs_ret_lag1,0.1266452819108963,1
reg|xgb|price,px_mean_20d,0.1220872551202774,2
reg|xgb|price,px_ret_lag1,0.1056055799126625,3
reg|xgb|price,px_ret_lag3,0.10481198132038116,4
reg|xgb|price,px_mean_5d,0.10359224677085876,5
reg|xgb|price,px_ret_lag2,0.10308051854372025,6
reg|xgb|price,px_vol_5d,0.09021180868148804,7
reg|xgb|price,px_ret_lag4,0.08843045681715012,8
reg|xgb|price,px_vol_20d,0.08382155001163483,9
reg|xgb|price,px_ret_lag5,0.07171325385570526,10
reg|xgb|price+nlp,px_ret_lag1,0.03169946372509003,1
reg|xgb|price+nlp,nlp_tfidf_svd_07,0.028130587190389633,2
reg|xgb|price+nlp,nlp_lm_negative_rate_political_risk,0.02742709219455719,3
reg|xgb|price+nlp,nlp_vader_mean_diplomacy,0.026721686124801636,4
reg|xgb|price+nlp,px_abs_ret_lag1,0.02641703560948372,5
reg|xgb|price+nlp,nlp_lm_negative_rate_z30,0.026204798370599747,6
reg|xgb|price+nlp,nlp_vader_mean,0.02582334168255329,7
reg|xgb|price+nlp,nlp_tfidf_svd_15,0.02547438070178032,8
reg|xgb|price+nlp,px_ret_lag3,0.024989740923047066,9
reg|xgb|price+nlp,px_mean_20d,0.023908846080303192,10
reg|xgb|price+nlp,nlp_tfidf_svd_12,0.023783890530467033,11
reg|xgb|price+nlp,px_ret_lag2,0.02299707755446434,12
reg|xgb|price+nlp,nlp_lm_negative_rate_conflict,0.022436104714870453,13
reg|xgb|price+nlp,nlp_tfidf_svd_03,0.0219766553491354,14
reg|xgb|price+nlp,nlp_tfidf_svd_17,0.02169295959174633,15
reg|xgb|price+nlp,nlp_tfidf_svd_09,0.021560443565249443,16
reg|xgb|price+nlp,nlp_lm_uncertainty_rate_z30,0.021361250430345535,17
reg|xgb|price+nlp,nlp_vader_mean_political_risk,0.021194851025938988,18
reg|xgb|price+nlp,nlp_lm_negative_rate_monetary_policy,0.020998388528823853,19
reg|xgb|price+nlp,nlp_lm_negative_rate,0.02086769789457321,20
reg|xgb|price+nlp,nlp_vader_neg_share,0.02057623118162155,21
reg|xgb|price+nlp,nlp_vader_mean_z30,0.02048584632575512,22
reg|xgb|price+nlp,nlp_tfidf_svd_04,0.020130641758441925,23
reg|xgb|price+nlp,px_ret_lag4,0.01992661878466606,24
reg|xgb|price+nlp,nlp_tfidf_svd_14,0.019635705277323723,25
reg|xgb|price+nlp,nlp_tfidf_svd_10,0.01962839998304844,26
reg|xgb|price+nlp,nlp_tfidf_svd_20,0.019533220678567886,27
reg|xgb|price+nlp,nlp_lm_litigious_rate,0.019285032525658607,28
reg|xgb|price+nlp,px_vol_20d,0.018958479166030884,29
reg|xgb|price+nlp,nlp_vader_pos_share,0.018869832158088684,30
reg|xgb|price+nlp,nlp_tfidf_svd_19,0.018648311495780945,31
reg|xgb|price+nlp,nlp_vader_mean_monetary_policy,0.018079634755849838,32
reg|xgb|price+nlp,nlp_vader_std,0.017957810312509537,33
reg|xgb|price+nlp,nlp_vader_mean_conflict,0.017746850848197937,34
reg|xgb|price+nlp,nlp_tfidf_svd_05,0.017589222639799118,35
reg|xgb|price+nlp,nlp_lm_positive_rate,0.016888169571757317,36
reg|xgb|price+nlp,nlp_tfidf_svd_01,0.016154034063220024,37
reg|xgb|price+nlp,nlp_lm_negative_rate_energy,0.01567097008228302,38
reg|xgb|price+nlp,nlp_lm_uncertainty_rate,0.015293088741600513,39
reg|xgb|price+nlp,px_ret_lag5,0.01471300795674324,40
reg|xgb|price+nlp,nlp_tfidf_svd_06,0.014634455554187298,41
reg|xgb|price+nlp,px_mean_5d,0.014491300098598003,42
reg|xgb|price+nlp,nlp_lm_constraining_rate,0.013825851492583752,43
reg|xgb|price+nlp,nlp_tfidf_svd_18,0.013294382020831108,44
reg|xgb|price+nlp,nlp_tfidf_svd_02,0.013168729841709137,45
reg|xgb|price+nlp,nlp_lm_negative_rate_diplomacy,0.012898960150778294,46
reg|xgb|price+nlp,px_vol_5d,0.012723050080239773,47
reg|xgb|price+nlp,nlp_tfidf_svd_16,0.012556255795061588,48
reg|xgb|price+nlp,nlp_tfidf_svd_08,0.011544809676706791,49
reg|xgb|price+nlp,nlp_lm_negative_rate_sanctions_trade,0.01069757528603077,50
reg|xgb|price+nlp,nlp_lm_neg_share,0.01046866923570633,51
reg|xgb|price+nlp,nlp_vader_mean_energy,0.008258504793047905,52
reg|xgb|price+nlp,nlp_lm_net_tone,0.0,53
reg|xgb|price+nlp,nlp_vader_mean_sanctions_trade,0.0,54
reg|xgb|price+nlp,nlp_tfidf_svd_13,0.0,55
reg|xgb|price+nlp,nlp_tfidf_svd_11,0.0,56
reg|xgb|price+market,lag1_ret_DXY,0.18038812279701233,1
reg|xgb|price+market,lag1_chg_VIX,0.10425484925508499,2
reg|xgb|price+market,lag1_lvl_VIX,0.07663533836603165,3
reg|xgb|price+market,px_mean_20d,0.07379341125488281,4
reg|xgb|price+market,px_abs_ret_lag1,0.06395597755908966,5
reg|xgb|price+market,px_mean_5d,0.06315246224403381,6
reg|xgb|price+market,px_ret_lag1,0.0623394176363945,7
reg|xgb|price+market,lag1_ret_BRENT,0.05929142236709595,8
reg|xgb|price+market,px_ret_lag4,0.058558396995067596,9
reg|xgb|price+market,px_vol_20d,0.056596457958221436,10
reg|xgb|price+market,px_vol_5d,0.054371677339076996,11
reg|xgb|price+market,px_ret_lag2,0.051108039915561676,12
reg|xgb|price+market,px_ret_lag5,0.0489543117582798,13
reg|xgb|price+market,px_ret_lag3,0.04660012945532799,14
reg|xgb|price+market+nlp,lag1_ret_DXY,0.05245058611035347,1
reg|xgb|price+market+nlp,lag1_chg_VIX,0.027975957840681076,2
reg|xgb|price+market+nlp,nlp_tfidf_svd_05,0.024633387103676796,3
reg|xgb|price+market+nlp,nlp_tfidf_svd_07,0.023870449513196945,4
reg|xgb|price+market+nlp,lag1_lvl_VIX,0.023411476984620094,5
reg|xgb|price+market+nlp,nlp_tfidf_svd_10,0.022286824882030487,6
reg|xgb|price+market+nlp,px_ret_lag1,0.022149551659822464,7
reg|xgb|price+market+nlp,px_abs_ret_lag1,0.02113708108663559,8
reg|xgb|price+market+nlp,px_vol_5d,0.02092980593442917,9
reg|xgb|price+market+nlp,nlp_lm_negative_rate_political_risk,0.02062601037323475,10
reg|xgb|price+market+nlp,nlp_tfidf_svd_20,0.02024492807686329,11
reg|xgb|price+market+nlp,nlp_tfidf_svd_14,0.019525635987520218,12
reg|xgb|price+market+nlp,nlp_vader_mean_monetary_policy,0.0194871723651886,13
reg|xgb|price+market+nlp,px_mean_5d,0.01938188448548317,14
reg|xgb|price+market+nlp,nlp_lm_constraining_rate,0.01932750642299652,15
reg|xgb|price+market+nlp,px_mean_20d,0.01912614516913891,16
reg|xgb|price+market+nlp,nlp_vader_mean_conflict,0.01885528489947319,17
reg|xgb|price+market+nlp,nlp_lm_uncertainty_rate,0.01854114793241024,18
reg|xgb|price+market+nlp,px_vol_20d,0.018400095403194427,19
reg|xgb|price+market+nlp,nlp_tfidf_svd_03,0.018065204843878746,20
reg|xgb|price+market+nlp,nlp_tfidf_svd_01,0.01791905052959919,21
reg|xgb|price+market+nlp,nlp_tfidf_svd_18,0.01789417862892151,22
reg|xgb|price+market+nlp,nlp_vader_mean_diplomacy,0.01739802025258541,23
reg|xgb|price+market+nlp,nlp_tfidf_svd_08,0.01713186502456665,24
reg|xgb|price+market+nlp,nlp_vader_mean_energy,0.016611257568001747,25
reg|xgb|price+market+nlp,nlp_vader_mean,0.016358280554413795,26
reg|xgb|price+market+nlp,nlp_tfidf_svd_09,0.016213351860642433,27
reg|xgb|price+market+nlp,nlp_lm_negative_rate_sanctions_trade,0.015998760238289833,28
reg|xgb|price+market+nlp,nlp_vader_mean_sanctions_trade,0.01596558280289173,29
reg|xgb|price+market+nlp,nlp_vader_pos_share,0.015860365703701973,30
reg|xgb|price+market+nlp,nlp_lm_positive_rate,0.015799952670931816,31
reg|xgb|price+market+nlp,nlp_lm_neg_share,0.015665242448449135,32
reg|xgb|price+market+nlp,nlp_tfidf_svd_06,0.015610331669449806,33
reg|xgb|price+market+nlp,nlp_tfidf_svd_17,0.015304779633879662,34
reg|xgb|price+market+nlp,nlp_lm_negative_rate,0.015195789746940136,35
reg|xgb|price+market+nlp,nlp_lm_negative_rate_energy,0.015136750414967537,36
reg|xgb|price+market+nlp,nlp_lm_negative_rate_diplomacy,0.015096104703843594,37
reg|xgb|price+market+nlp,nlp_tfidf_svd_02,0.015090125612914562,38
reg|xgb|price+market+nlp,nlp_lm_litigious_rate,0.015056588687002659,39
reg|xgb|price+market+nlp,nlp_tfidf_svd_13,0.015031134709715843,40
reg|xgb|price+market+nlp,nlp_tfidf_svd_15,0.014878684654831886,41
reg|xgb|price+market+nlp,nlp_tfidf_svd_16,0.014859001152217388,42
reg|xgb|price+market+nlp,nlp_vader_mean_political_risk,0.01424361951649189,43
reg|xgb|price+market+nlp,px_ret_lag2,0.01387612335383892,44
reg|xgb|price+market+nlp,px_ret_lag4,0.01384955644607544,45
reg|xgb|price+market+nlp,nlp_tfidf_svd_12,0.013619518838822842,46
reg|xgb|price+market+nlp,px_ret_lag5,0.012934333644807339,47
reg|xgb|price+market+nlp,nlp_lm_negative_rate_z30,0.01293149869889021,48
reg|xgb|price+market+nlp,nlp_lm_uncertainty_rate_z30,0.012909788638353348,49
reg|xgb|price+market+nlp,nlp_vader_mean_z30,0.01287961844354868,50
reg|xgb|price+market+nlp,nlp_vader_std,0.012641455978155136,51
reg|xgb|price+market+nlp,nlp_vader_neg_share,0.012410202994942665,52
reg|xgb|price+market+nlp,lag1_ret_BRENT,0.01195310615003109,53
reg|xgb|price+market+nlp,px_ret_lag3,0.010595005936920643,54
reg|xgb|price+market+nlp,nlp_tfidf_svd_11,0.010495499707758427,55
reg|xgb|price+market+nlp,nlp_lm_negative_rate_monetary_policy,0.010145881213247776,56
reg|xgb|price+market+nlp,nlp_tfidf_svd_19,0.008714226074516773,57
reg|xgb|price+market+nlp,nlp_lm_negative_rate_conflict,0.00866352953016758,58
reg|xgb|price+market+nlp,nlp_tfidf_svd_04,0.006635758560150862,59
reg|xgb|price+market+nlp,nlp_lm_net_tone,0.0,60
reg|xgb|price+task1_news,share_conflict,0.04585017263889313,1
reg|xgb|price+task1_news,n_countries,0.042330868542194366,2
reg|xgb|price+task1_news,window_hours,0.03401699662208557,3
reg|xgb|price+task1_news,share_energy,0.030980238690972328,4
reg|xgb|price+task1_news,theme_entropy,0.030839240178465843,5
reg|xgb|price+task1_news,gdelt_tone_monetary_policy,0.029044069349765778,6
reg|xgb|price+task1_news,geo_hhi,0.02661735750734806,7
reg|xgb|price+task1_news,vol_z90,0.026096506044268608,8
reg|xgb|price+task1_news,z_conflict,0.025545941665768623,9
reg|xgb|price+task1_news,share_tier3,0.023924192413687706,10
reg|xgb|price+task1_news,share_actor_country,0.023864151909947395,11
reg|xgb|price+task1_news,px_ret_lag1,0.022931115701794624,12
reg|xgb|price+task1_news,z_diplomacy,0.022908426821231842,13
reg|xgb|price+task1_news,px_mean_5d,0.022847533226013184,14
reg|xgb|price+task1_news,gdelt_volume_sanctions_trade_z30,0.022222619503736496,15
reg|xgb|price+task1_news,px_ret_lag2,0.022179199382662773,16
reg|xgb|price+task1_news,gdelt_volume_diplomacy_z30,0.022102249786257744,17
reg|xgb|price+task1_news,gdelt_volume_political_risk,0.022043690085411072,18
reg|xgb|price+task1_news,gdelt_tone_energy,0.02188592404127121,19
reg|xgb|price+task1_news,gdelt_volume_monetary_policy,0.021726232022047043,20
reg|xgb|price+task1_news,z_sanctions_trade,0.021645154803991318,21
reg|xgb|price+task1_news,gdelt_tone_political_risk,0.02087290585041046,22
reg|xgb|price+task1_news,px_mean_20d,0.020538514479994774,23
reg|xgb|price+task1_news,share_sanctions_trade,0.02050829492509365,24
reg|xgb|price+task1_news,gdelt_volume_sanctions_trade,0.02050442434847355,25
reg|xgb|price+task1_news,gdelt_volume_monetary_policy_z30,0.020483683794736862,26
reg|xgb|price+task1_news,syndication_mean,0.019955594092607498,27
reg|xgb|price+task1_news,share_institution,0.0196201391518116,28
reg|xgb|price+task1_news,gdelt_tone_diplomacy,0.019177773967385292,29
reg|xgb|price+task1_news,px_abs_ret_lag1,0.01885884441435337,30
reg|xgb|price+task1_news,px_ret_lag3,0.018116949126124382,31
reg|xgb|price+task1_news,px_vol_20d,0.018106363713741302,32
reg|xgb|price+task1_news,vol_z30,0.017814816907048225,33
reg|xgb|price+task1_news,z_energy,0.017636192962527275,34
reg|xgb|price+task1_news,gdelt_tone_conflict,0.017576953396201134,35
reg|xgb|price+task1_news,px_ret_lag4,0.01743687130510807,36
reg|xgb|price+task1_news,syndication_max,0.016884610056877136,37
reg|xgb|price+task1_news,share_monetary_policy,0.016828058287501335,38
reg|xgb|price+task1_news,n_articles,0.016760557889938354,39
reg|xgb|price+task1_news,share_diplomacy,0.01637895591557026,40
reg|xgb|price+task1_news,share_tier2,0.016296662390232086,41
reg|xgb|price+task1_news,geo_entropy,0.014827663078904152,42
reg|xgb|price+task1_news,mean_headline_len,0.01468244194984436,43
reg|xgb|price+task1_news,share_tier1,0.014602900482714176,44
reg|xgb|price+task1_news,gdelt_volume_energy_z30,0.012318695895373821,45
reg|xgb|price+task1_news,px_ret_lag5,0.00984244979918003,46
reg|xgb|price+task1_news,px_vol_5d,0.00176685256883502,47
reg|xgb|price+task1_news,share_state_media,0.0,48
reg|xgb|price+task1_news,syndication_p90,0.0,49
reg|xgb|price+task1_news,is_post_weekend,0.0,50
reg|xgb|price+task1_news,articles_per_24h,0.0,51
reg|xgb|price+task1_news,log_n_articles,0.0,52
reg|xgb|price+task1_news,n_clusters,0.0,53
reg|xgb|price+task1_news,z_monetary_policy,0.0,54
reg|xgb|price+task1_news,share_political_risk,0.0,55
reg|xgb|price+task1_news,share_market_term,0.0,56
reg|xgb|price+task1_news,z_political_risk,0.0,57
reg|xgb|price+task1_news,gdelt_volume_conflict,0.0,58
reg|xgb|price+task1_news,gdelt_tone_sanctions_trade,0.0,59
reg|xgb|price+task1_news,gdelt_volume_energy,0.0,60
reg|xgb|price+task1_news,gdelt_volume_diplomacy,0.0,61
reg|xgb|price+task1_news,gdelt_volume_conflict_z30,0.0,62
reg|xgb|price+task1_news,gdelt_volume_political_risk_z30,0.0,63
reg|xgb|all,lag1_ret_DXY,0.0403311513364315,1
reg|xgb|all,nlp_vader_pos_share,0.029279369860887527,2
reg|xgb|all,window_hours,0.0267646461725235,3
reg|xgb|all,gdelt_volume_monetary_policy,0.026457570493221283,4
reg|xgb|all,lag1_chg_VIX,0.024781597778201103,5
reg|xgb|all,share_tier3,0.023107532411813736,6
reg|xgb|all,share_state_media,0.023057226091623306,7
reg|xgb|all,lag1_lvl_VIX,0.019863544031977654,8
reg|xgb|all,nlp_tfidf_svd_02,0.019857686012983322,9
reg|xgb|all,nlp_tfidf_svd_14,0.019699160009622574,10
reg|xgb|all,theme_entropy,0.019682954996824265,11
reg|xgb|all,px_mean_5d,0.01964937523007393,12
reg|xgb|all,nlp_tfidf_svd_07,0.01957954652607441,13
reg|xgb|all,nlp_tfidf_svd_13,0.019144713878631592,14
reg|xgb|all,z_conflict,0.018736766651272774,15
reg|xgb|all,nlp_lm_neg_share,0.01814214140176773,16
reg|xgb|all,px_mean_20d,0.017809094861149788,17
reg|xgb|all,share_sanctions_trade,0.01768871769309044,18
reg|xgb|all,nlp_tfidf_svd_10,0.01747027225792408,19
reg|xgb|all,geo_hhi,0.01724310591816902,20
reg|xgb|all,nlp_lm_negative_rate_conflict,0.017018688842654228,21
reg|xgb|all,gdelt_volume_political_risk,0.01700030267238617,22
reg|xgb|all,z_monetary_policy,0.016624096781015396,23
reg|xgb|all,nlp_lm_negative_rate_political_risk,0.01567864418029785,24
reg|xgb|all,px_abs_ret_lag1,0.01564834825694561,25
reg|xgb|all,nlp_vader_mean_conflict,0.015600809827446938,26
reg|xgb|all,px_ret_lag1,0.015415295027196407,27
reg|xgb|all,nlp_vader_neg_share,0.015247251838445663,28
reg|xgb|all,px_ret_lag4,0.015080402605235577,29
reg|xgb|all,nlp_lm_negative_rate,0.014882618561387062,30
reg|xgb|all,syndication_mean,0.014767601154744625,31
reg|xgb|all,n_countries,0.014599738642573357,32
reg|xgb|all,vol_z30,0.014351572841405869,33
reg|xgb|all,nlp_tfidf_svd_01,0.014304731041193008,34
reg|xgb|all,nlp_tfidf_svd_11,0.013609976507723331,35
reg|xgb|all,share_actor_country,0.013607638888061047,36
reg|xgb|all,px_vol_20d,0.013532905839383602,37
reg|xgb|all,z_sanctions_trade,0.01326545886695385,38
reg|xgb|all,gdelt_volume_diplomacy_z30,0.013052345253527164,39
reg|xgb|all,px_ret_lag2,0.012917635031044483,40
reg|xgb|all,z_diplomacy,0.012907382100820541,41
reg|xgb|all,nlp_tfidf_svd_16,0.012702002190053463,42
reg|xgb|all,nlp_lm_uncertainty_rate,0.01265501044690609,43
reg|xgb|all,nlp_tfidf_svd_08,0.01240797434002161,44
reg|xgb|all,gdelt_volume_energy_z30,0.01239486038684845,45
reg|xgb|all,gdelt_tone_sanctions_trade,0.01232560072094202,46
reg|xgb|all,gdelt_volume_conflict,0.012130221351981163,47
reg|xgb|all,nlp_tfidf_svd_17,0.011802313849329948,48
reg|xgb|all,nlp_vader_mean_monetary_policy,0.011295468546450138,49
reg|xgb|all,nlp_tfidf_svd_15,0.011114539578557014,50
reg|xgb|all,geo_entropy,0.010973348282277584,51
reg|xgb|all,share_tier2,0.010772528126835823,52
reg|xgb|all,n_articles,0.010711795650422573,53
reg|xgb|all,share_market_term,0.010577310808002949,54
reg|xgb|all,lag1_ret_BRENT,0.010478751733899117,55
reg|xgb|all,gdelt_volume_sanctions_trade_z30,0.01044823694974184,56
reg|xgb|all,gdelt_volume_diplomacy,0.00967856589704752,57
reg|xgb|all,nlp_lm_negative_rate_sanctions_trade,0.009422055445611477,58
reg|xgb|all,nlp_vader_mean_z30,0.009270848706364632,59
reg|xgb|all,mean_headline_len,0.00913290772587061,60
reg|xgb|all,px_ret_lag5,0.00858171284198761,61
reg|xgb|all,gdelt_tone_diplomacy,0.008522983640432358,62
reg|xgb|all,share_monetary_policy,0.006892225705087185,63
reg|xgb|all,nlp_vader_mean_energy,0.006491560954600573,64
reg|xgb|all,nlp_tfidf_svd_18,0.006441022269427776,65
reg|xgb|all,gdelt_tone_energy,0.005316467490047216,66
reg|xgb|all,px_vol_5d,0.0,67
reg|xgb|all,z_political_risk,0.0,68
reg|xgb|all,share_political_risk,0.0,69
reg|xgb|all,share_energy,0.0,70
reg|xgb|all,share_tier1,0.0,71
reg|xgb|all,share_conflict,0.0,72
reg|xgb|all,share_diplomacy,0.0,73
reg|xgb|all,syndication_p90,0.0,74
reg|xgb|all,syndication_max,0.0,75
reg|xgb|all,vol_z90,0.0,76
reg|xgb|all,is_post_weekend,0.0,77
reg|xgb|all,articles_per_24h,0.0,78
reg|xgb|all,px_ret_lag3,0.0,79
reg|xgb|all,n_clusters,0.0,80
reg|xgb|all,log_n_articles,0.0,81
reg|xgb|all,share_institution,0.0,82
reg|xgb|all,z_energy,0.0,83
reg|xgb|all,nlp_lm_constraining_rate,0.0,84
reg|xgb|all,nlp_lm_litigious_rate,0.0,85
reg|xgb|all,nlp_vader_std,0.0,86
reg|xgb|all,nlp_vader_mean,0.0,87
reg|xgb|all,gdelt_volume_political_risk_z30,0.0,88
reg|xgb|all,nlp_lm_net_tone,0.0,89
reg|xgb|all,gdelt_volume_sanctions_trade,0.0,90
reg|xgb|all,gdelt_tone_political_risk,0.0,91
reg|xgb|all,gdelt_tone_conflict,0.0,92
reg|xgb|all,gdelt_tone_monetary_policy,0.0,93
reg|xgb|all,gdelt_volume_conflict_z30,0.0,94
reg|xgb|all,gdelt_volume_energy,0.0,95
reg|xgb|all,gdelt_volume_monetary_policy_z30,0.0,96
reg|xgb|all,nlp_lm_positive_rate,0.0,97
reg|xgb|all,nlp_vader_mean_diplomacy,0.0,98
reg|xgb|all,nlp_tfidf_svd_06,0.0,99
reg|xgb|all,nlp_tfidf_svd_04,0.0,100
reg|xgb|all,nlp_tfidf_svd_03,0.0,101
reg|xgb|all,nlp_lm_negative_rate_energy,0.0,102
reg|xgb|all,nlp_lm_negative_rate_monetary_policy,0.0,103
reg|xgb|all,nlp_vader_mean_political_risk,0.0,104
reg|xgb|all,nlp_vader_mean_sanctions_trade,0.0,105
reg|xgb|all,nlp_lm_negative_rate_diplomacy,0.0,106
reg|xgb|all,nlp_tfidf_svd_05,0.0,107
reg|xgb|all,nlp_tfidf_svd_12,0.0,108
reg|xgb|all,nlp_tfidf_svd_09,0.0,109
reg|xgb|all,nlp_tfidf_svd_19,0.0,110
reg|xgb|all,nlp_tfidf_svd_20,0.0,111
reg|xgb|all,nlp_lm_negative_rate_z30,0.0,112
reg|xgb|all,nlp_lm_uncertainty_rate_z30,0.0,113
