task,model,split,metric,without_news,with_news,score_without,score_with,gain,ci_low,ci_high,p_no_gain
cls,logreg,test,macro_f1,price,price+nlp,0.3209000165544478,0.34167361206983243,0.020773595515384657,-0.05610528945636446,0.12549711074532335,0.279
cls,logreg,test,macro_f1,price+market,price+market+nlp,0.45802856147683735,0.38789167678214254,-0.07013688469469481,-0.16340835239139326,0.03678693363766756,0.907
cls,logreg,val,macro_f1,price,price+nlp,0.4034129993826616,0.397895578269426,-0.00551742111323561,-0.10171125873248008,0.08981101478468632,0.555
cls,logreg,val,macro_f1,price+market,price+market+nlp,0.43948303064212874,0.5086240311880393,0.0691410005459106,-0.006989142118232856,0.12287885805211986,0.039
cls,xgb,test,macro_f1,price,price+nlp,0.3308201442833603,0.31303869429671743,-0.017781449986642883,-0.10446744983210934,0.07650707346096225,0.634
cls,xgb,test,macro_f1,price+market,price+market+nlp,0.43608574675706385,0.42961506085068163,-0.006470685906382223,-0.08524401096513483,0.06190208512635004,0.629
cls,xgb,val,macro_f1,price,price+nlp,0.3760724013471266,0.38452703351579753,0.008454632168670928,-0.056908499976424186,0.07587941410253604,0.385
cls,xgb,val,macro_f1,price+market,price+market+nlp,0.4411892313927221,0.49267496069821654,0.05148572930549444,-0.02987558540773642,0.11209221583902126,0.117
reg,ridge,test,rmse,price,price+nlp,0.27922346262947045,0.28694117079054465,-0.007717708161074199,-0.015188748485423686,0.0008355454844786711,0.969
reg,ridge,test,rmse,price+market,price+market+nlp,0.2643962076868799,0.2690266513965072,-0.004630443709627341,-0.011301813946659986,0.002444679666436678,0.917
reg,ridge,val,rmse,price,price+nlp,0.37915158262946963,0.383195640269522,-0.00404405764005239,-0.010756341155030817,0.0010585506808747788,0.934
reg,ridge,val,rmse,price+market,price+market+nlp,0.3522485574575066,0.354116986474416,-0.0018684290169093676,-0.008237309748104356,0.0033645974389614995,0.803
reg,xgb,test,rmse,price,price+nlp,0.29351150120834596,0.2808897573532721,0.012621743855073864,0.00289816117644819,0.023876163889614554,0.006
reg,xgb,test,rmse,price+market,price+market+nlp,0.2724393040855687,0.26604627142107723,0.0063930326644914826,-0.002620625516708387,0.015696384122626805,0.106
reg,xgb,val,rmse,price,price+nlp,0.3780655467302677,0.38240930151776126,-0.004343754787493548,-0.020926239057387004,0.005607798020772749,0.815
reg,xgb,val,rmse,price+market,price+market+nlp,0.35441973083500034,0.35849920033219884,-0.004079469497198507,-0.01585211490543153,0.006605231505013146,0.787
