task,model,feature_set,split,params,n,macro_f1,accuracy,directional_hit_rate,coverage,f1_DOWN,f1_FLAT,f1_UP,rmse,mae,directional_accuracy,r2_vs_zero
cls,majority,price,val,{},235,0.19760479041916168,0.42127659574468085,0.42127659574468085,1.0,0.0,0.0,0.592814371257485,,,,
cls,persistence,price,val,{},235,0.3469383537580855,0.37446808510638296,0.42857142857142855,0.774468085106383,0.39759036144578314,0.18867924528301888,0.45454545454545453,,,,
cls,arima,price,val,"{""order"": [2, 0, 2]}",235,0.23250843036939295,0.25957446808510637,0.45652173913043476,0.19574468085106383,0.17647058823529413,0.3305785123966942,0.19047619047619047,,,,
reg,zero,price,val,{},235,,,,,,,,0.384666914808391,0.2953776175432711,0.0,0.0
reg,persistence,price,val,{},235,,,,,,,,0.5083572193347381,0.3912807127478547,0.5427350427350427,-0.7464989241916424
reg,train_mean,price,val,{},235,,,,,,,,0.38406999722476304,0.29516046119295586,0.5213675213675214,0.0031011476107527525
reg,arima,price,val,"{""order"": [2, 0, 2]}",235,,,,,,,,0.3809316821811982,0.29804282614139943,0.5555555555555556,0.019326317716446773
cls,majority,price,test,{},240,0.19047619047619047,0.4,0.4,1.0,0.0,0.0,0.5714285714285714,,,,
cls,persistence,price,test,{},240,0.37015953762384174,0.38333333333333336,0.38271604938271603,0.675,0.2595419847328244,0.38461538461538464,0.46632124352331605,,,,
cls,arima,price,test,"{""order"": [2, 0, 2]}",240,0.20752304870006358,0.3333333333333333,0.4666666666666667,0.0625,0.02857142857142857,0.48184818481848185,0.11214953271028037,,,,
reg,zero,price,test,{},240,,,,,,,,0.27835344012527696,0.20865197530914723,0.0,0.0
reg,persistence,price,test,{},240,,,,,,,,0.38884736586120605,0.2973549967610404,0.5234042553191489,-0.9514846362013061
reg,train_mean,price,test,{},240,,,,,,,,0.2771048406223507,0.2066569828855745,0.5829787234042553,0.00895120322258447
reg,arima,price,test,"{""order"": [2, 0, 2]}",240,,,,,,,,0.2813678692499138,0.21166113132344577,0.5319148936170213,-0.021776282027090366
cls,logreg,price,val,"{""C"": 0.1}",235,0.4034129993826616,0.41702127659574467,0.47093023255813954,0.7319148936170212,0.4823529411764706,0.29310344827586204,0.43478260869565216,,,,
cls,logreg,price,test,"{""C"": 0.1}",240,0.3209000165544478,0.3375,0.33035714285714285,0.4666666666666667,0.24793388429752067,0.42718446601941745,0.2875816993464052,,,,
cls,logreg,price+nlp,val,"{""C"": 0.01}",235,0.397895578269426,0.42127659574468085,0.4271356783919598,0.8468085106382979,0.3950617283950617,0.3146067415730337,0.4840182648401826,,,,
cls,logreg,price+nlp,test,"{""C"": 0.01}",240,0.34167361206983243,0.35,0.36752136752136755,0.4875,0.38848920863309355,0.4079601990049751,0.22857142857142856,,,,
cls,logreg,price+market,val,"{""C"": 0.1}",235,0.43948303064212874,0.4808510638297872,0.5257731958762887,0.825531914893617,0.5371428571428571,0.23404255319148937,0.5472636815920398,,,,
cls,logreg,price+market,test,"{""C"": 0.1}",240,0.45802856147683735,0.4583333333333333,0.5277777777777778,0.6,0.45454545454545453,0.39080459770114945,0.5287356321839081,,,,
cls,logreg,price+market+nlp,val,"{""C"": 1.0}",235,0.5086240311880393,0.5319148936170213,0.5376884422110553,0.8468085106382979,0.5355191256830601,0.4044943820224719,0.5858585858585859,,,,
cls,logreg,price+market+nlp,test,"{""C"": 1.0}",240,0.38789167678214254,0.39166666666666666,0.48484848484848486,0.4125,0.45161290322580644,0.4200913242009132,0.291970802919708,,,,
cls,logreg,price+task1_news,val,"{""C"": 1.0}",235,0.35371254516756023,0.37872340425531914,0.3979591836734694,0.8340425531914893,0.43564356435643564,0.2391304347826087,0.38636363636363635,,,,
cls,logreg,price+task1_news,test,"{""C"": 1.0}",240,0.3038059092425363,0.30833333333333335,0.30985915492957744,0.5916666666666667,0.22695035460992907,0.3409090909090909,0.34355828220858897,,,,
cls,logreg,all,val,"{""C"": 0.1}",235,0.4461935325590876,0.5063829787234042,0.5068493150684932,0.9319148936170213,0.5435897435897435,0.2318840579710145,0.5631067961165048,,,,
cls,logreg,all,test,"{""C"": 0.1}",240,0.34042391518368453,0.35,0.43157894736842106,0.3958333333333333,0.3090909090909091,0.38565022421524664,0.32653061224489793,,,,
cls,xgb,price,val,"{""max_depth"": 2, ""n_estimators"": 300}",235,0.3760724013471266,0.39574468085106385,0.43169398907103823,0.7787234042553192,0.40236686390532544,0.26666666666666666,0.45918367346938777,,,,
cls,xgb,price,test,"{""max_depth"": 2, ""n_estimators"": 300}",240,0.3308201442833603,0.3333333333333333,0.3253012048192771,0.6916666666666667,0.2857142857142857,0.34210526315789475,0.36464088397790057,,,,
cls,xgb,price+nlp,val,"{""max_depth"": 2, ""n_estimators"": 300}",235,0.38452703351579753,0.4085106382978723,0.4120603015075377,0.8468085106382979,0.358974358974359,0.3146067415730337,0.48,,,,
cls,xgb,price+nlp,test,"{""max_depth"": 2, ""n_estimators"": 300}",240,0.31303869429671743,0.325,0.336283185840708,0.4708333333333333,0.2631578947368421,0.3902439024390244,0.2857142857142857,,,,
cls,xgb,price+market,val,"{""max_depth"": 3, ""n_estimators"": 300}",235,0.4411892313927221,0.48936170212765956,0.5668449197860963,0.7957446808510639,0.5542168674698795,0.1782178217821782,0.5911330049261084,,,,
cls,xgb,price+market,test,"{""max_depth"": 3, ""n_estimators"": 300}",240,0.43608574675706385,0.4375,0.463855421686747,0.6916666666666667,0.4810126582278481,0.3684210526315789,0.4588235294117647,,,,
cls,xgb,price+market+nlp,val,"{""max_depth"": 2, ""n_estimators"": 300}",235,0.49267496069821654,0.5361702127659574,0.5594059405940595,0.8595744680851064,0.5795454545454546,0.3023255813953488,0.5961538461538461,,,,
cls,xgb,price+market+nlp,test,"{""max_depth"": 2, ""n_estimators"": 300}",240,0.42961506085068163,0.425,0.5378151260504201,0.49583333333333335,0.4406779661016949,0.38190954773869346,0.4662576687116564,,,,
cls,xgb,price+task1_news,val,"{""max_depth"": 2, ""n_estimators"": 300}",235,0.3429429429429429,0.3872340425531915,0.4256410256410256,0.8297872340425532,0.4954954954954955,0.17204301075268819,0.36129032258064514,,,,
cls,xgb,price+task1_news,test,"{""max_depth"": 2, ""n_estimators"": 300}",240,0.3544434454407112,0.36666666666666664,0.37575757575757573,0.6875,0.28125,0.33986928104575165,0.44221105527638194,,,,
cls,xgb,all,val,"{""max_depth"": 2, ""n_estimators"": 300}",235,0.48592132505175983,0.5191489361702127,0.5431472081218274,0.8382978723404255,0.5846153846153846,0.32967032967032966,0.5434782608695652,,,,
cls,xgb,all,test,"{""max_depth"": 2, ""n_estimators"": 300}",240,0.4562819478073716,0.45416666666666666,0.5319148936170213,0.5875,0.47619047619047616,0.384180790960452,0.5084745762711864,,,,
reg,ridge,price,val,"{""alpha"": 100.0}",235,,,,,,,,0.37915158262946963,0.2929259420064823,0.5470085470085471,0.028470308777673425
reg,ridge,price,test,"{""alpha"": 100.0}",240,,,,,,,,0.27922346262947045,0.20955599220456964,0.5446808510638298,-0.006260976523378092
reg,ridge,price+nlp,val,"{""alpha"": 100.0}",235,,,,,,,,0.383195640269522,0.2962855510186968,0.5470085470085471,0.007634973614363938
reg,ridge,price+nlp,test,"{""alpha"": 100.0}",240,,,,,,,,0.28694117079054465,0.21841322200894359,0.49361702127659574,-0.06265562614858045
reg,ridge,price+market,val,"{""alpha"": 100.0}",235,,,,,,,,0.3522485574575066,0.2673273066718388,0.6581196581196581,0.1614503577808475
reg,ridge,price+market,test,"{""alpha"": 100.0}",240,,,,,,,,0.2643962076868799,0.1932571254803762,0.6510638297872341,0.09777001354310966
reg,ridge,price+market+nlp,val,"{""alpha"": 100.0}",235,,,,,,,,0.354116986474416,0.2680964621515633,0.6666666666666666,0.15253094134018375
reg,ridge,price+market+nlp,test,"{""alpha"": 100.0}",240,,,,,,,,0.2690266513965072,0.19918026140105496,0.6085106382978723,0.06589128102386099
reg,ridge,price+task1_news,val,"{""alpha"": 100.0}",235,,,,,,,,0.38853341427428706,0.30398348055864516,0.5,-0.020204137534915123
reg,ridge,price+task1_news,test,"{""alpha"": 100.0}",240,,,,,,,,0.2914522829297745,0.21728149704917854,0.5361702127659574,-0.09633110701907843
reg,ridge,all,val,"{""alpha"": 100.0}",235,,,,,,,,0.36561990925933074,0.28181218862619073,0.6538461538461539,0.09657936810578249
reg,ridge,all,test,"{""alpha"": 100.0}",240,,,,,,,,0.27686736333742046,0.19800213944723294,0.6212765957446809,0.010649121811641016
reg,xgb,price,val,"{""max_depth"": 3, ""n_estimators"": 100}",235,,,,,,,,0.3780655467302677,0.29264411530261125,0.5427350427350427,0.03402800675900619
reg,xgb,price,test,"{""max_depth"": 3, ""n_estimators"": 100}",240,,,,,,,,0.29351150120834596,0.21992522329129435,0.5404255319148936,-0.11187780556792704
reg,xgb,price+nlp,val,"{""max_depth"": 2, ""n_estimators"": 100}",235,,,,,,,,0.38240930151776126,0.2960130810603376,0.5641025641025641,0.011703571211754582
reg,xgb,price+nlp,test,"{""max_depth"": 2, ""n_estimators"": 100}",240,,,,,,,,0.2808897573532721,0.21062006791143162,0.5659574468085107,-0.018306743462607855
reg,xgb,price+market,val,"{""max_depth"": 3, ""n_estimators"": 100}",235,,,,,,,,0.35441973083500034,0.2639145147127107,0.6452991452991453,0.15108127266595683
reg,xgb,price+market,test,"{""max_depth"": 3, ""n_estimators"": 100}",240,,,,,,,,0.2724393040855687,0.19853386947328802,0.6680851063829787,0.04204228719077718
reg,xgb,price+market+nlp,val,"{""max_depth"": 3, ""n_estimators"": 100}",235,,,,,,,,0.35849920033219884,0.2706612511584789,0.6752136752136753,0.13142622193964626
reg,xgb,price+market+nlp,test,"{""max_depth"": 3, ""n_estimators"": 100}",240,,,,,,,,0.26604627142107723,0.19441462209442778,0.6680851063829787,0.08647346353227625
reg,xgb,price+task1_news,val,"{""max_depth"": 2, ""n_estimators"": 100}",235,,,,,,,,0.37343754624856146,0.2920846591537192,0.5598290598290598,0.05753269522305349
reg,xgb,price+task1_news,test,"{""max_depth"": 2, ""n_estimators"": 100}",240,,,,,,,,0.2830399998785304,0.20882854099215867,0.5574468085106383,-0.03395692113739179
reg,xgb,all,val,"{""max_depth"": 2, ""n_estimators"": 100}",235,,,,,,,,0.353941051611318,0.26931413021033745,0.6581196581196581,0.1533728230923731
reg,xgb,all,test,"{""max_depth"": 2, ""n_estimators"": 100}",240,,,,,,,,0.2613809787109812,0.18922257886852065,0.6723404255319149,0.11823110751180643
