component,explained_variance_ratio,top_positive,top_negative
nlp_tfidf_svd_01,0.0022104218911436573,"<num>, united_states, new, say, biden, <money>, over, not, year, ukraine, china, russia","news prime, automobile construction, financial wire, business wire, calendar feature, agro commodity, mining pulp, industry metal, wire oil, good retail, wire financial, prime business"
nlp_tfidf_svd_02,0.038662004118951473,"ukraine, russia, russian, putin, war, oil, sanction, ukrainian, gas, russia ukraine, price, ukraine war","trump, israel, gaza, hamas, <num>, election, nyse, harris, israeli, strike, inc, donald"
nlp_tfidf_svd_03,0.02548628254802607,"covid, <num>, covid <num>, omicron, vaccine, climate, jan, jan <num>, cop26, christmas, new, united_states","israel, trump, ukraine, gaza, hamas, war, russia, nyse, russian, harris, inc, israeli"
nlp_tfidf_svd_04,0.015458046136737857,"israel, <num>, hamas, gaza, covid, year, omicron, christmas, new year, war, israeli, hostage","election, trump, biden, inflation, result, midterm, july, race, abortion, voter, climate, win"
nlp_tfidf_svd_05,0.013072427715921932,"trump, harris, <num>, covid, omicron, biden, convention, kamala, assassination, year, kamala harris, russia","israel, hamas, strike, inflation, united_states, oil, deal, hike, fed, rate, price, debt"
nlp_tfidf_svd_06,0.012046943691017512,"election, biden, climate, israel, cop26, covid, democrat, hamas, gaza, race, midterm, vaccine","<num>, strike, year, rate, bank, new year, hike, market, debt, interest, china, trump"
nlp_tfidf_svd_07,0.010299620771187939,"election, <num>, midterm, minister, china, win, pm, week, party, prime minister, korea, new year","biden, fed, trump, <money>, oil, united_states, bill, inflation, report, harris, announces, rate"
nlp_tfidf_svd_08,0.009407989992788957,"debt, biden, debt ceiling, ceiling, erdogan, turkey, deal, china, mccarthy, talk, climate, modi","inflation, trump, truss, harris, midterm, <num>, israel, liz, price, liz truss, hamas, johnson"
nlp_tfidf_svd_09,0.008670073951555527,"election, <num>, result, midterm, senate, house, quarter, year, win, state, united_states, republican","oil, minister, harris, prime, price, prime minister, china, july, week, covid, pm, johnson"
nlp_tfidf_svd_10,0.008112215037288687,"harris, kamala, kamala harris, dnc, democratic, walz, venezuela, <num>, rate, strike, debt, maduro","trump, donald trump, donald, nato, shooting, oil, johnson, assassination, trial, rnc, case, assassination attempt"
nlp_tfidf_svd_11,0.007479175242563357,"china, biden, trump, strike, assassination, republican, climate, assassination attempt, shooting, union, mccarthy, state union","election, fed, rate, court, supreme, supreme court, omicron, interest rate, stock, interest, may, covid"
nlp_tfidf_svd_12,0.0072684884798013254,"biden, debt, erdogan, turkey, ceiling, debt ceiling, inflation, price, june, jan <num>, jan, nato","climate, bank, putin, china, protest, trump, russia, strike, cop26, fed, midterm, change"
nlp_tfidf_svd_13,0.006839911248625881,"biden, truss, state union, state, union, liz truss, liz, omicron, sunak, prime minister, minister, bill","oil, price, <num>, cop26, trump, climate, china, election, gas, summit, update, result"
nlp_tfidf_svd_14,0.006498512940463415,"biden, <num>, cop26, climate, summit, state union, oil, union, july, strike, new year, year","debt, trump, debt ceiling, ceiling, omicron, erdogan, covid, turkey, day, assassination, united_states, default"
nlp_tfidf_svd_15,0.006118340816806644,"united_states, china, strike, queen, iran, inflation, abortion, rail, nato, right, election, midterm","prime minister, prime, truss, sunak, debt, <num>, minister, quarter, johnson, liz truss, liz, rishi"
nlp_tfidf_svd_16,0.006002807374236097,"oil, opec, hurricane, strike, cut, election, mccarthy, ian, price, house, california, union","inflation, climate, summit, cop26, july, china, nato, queen, quarter, abortion, rate, quarter <num>"
nlp_tfidf_svd_17,0.005957727783281686,"rate, fed, omicron, interest, interest rate, hike, rate hike, biden, christmas, putin, russia, strike","abortion, budget, california, protest, march, bill, april, <num> <num>, primary, ida, spill, taiwan"
nlp_tfidf_svd_18,0.0055417822778716375,"queen, elizabeth, queen elizabeth, august, manchin, christmas, new, truss, omicron, strike, elizabeth ii, <money>","fed, protest, bank, rate, johnson, china, sunak, budget, hike, shooting, jan, march"
nlp_tfidf_svd_19,0.0054188870832464694,"abortion, court, united_states, strike, supreme court, supreme, ukraine, climate, july, roe, ruling, summit","queen, oil, biden, rate, china, state union, elizabeth, queen elizabeth, opec, india, price, cut"
nlp_tfidf_svd_20,0.005258004627833426,"omicron, christmas, manchin, nato, holiday, oil, variant, result, harris, <money>, strike, bank","fed, rate, <num> <num>, ida, queen, trump, jan, jan <num>, september, <num>, texas, recall"
